"player_id","player_name","games","time","goals","xG","assists","xA","shots","key_passes","yellow_cards","red_cards","position","team_name","npg","npxG","xGChain","xGBuildup","year"
8865,"Ollie Watkins",37,3330,14,16.2801776453853,5,5.31402949150652,98,45,2,1,"F","Aston Villa",13,14.7578400149941,22.0140207856894,5.33499117381871,2020
5612,"Anwar El Ghazi",28,1612,10,9.03751784097403,0,1.88286561332643,64,26,2,0,"F M S","Aston Villa",6,5.99284244235605,7.84556279052049,2.69134637154639,2020
695,"Bertrand Traoré",36,2362,7,6.30410512629896,6,4.57098772190511,64,35,1,0,"F M S","Aston Villa",7,6.30410512629896,9.83535516634583,1.33221405278891,2020
675,"Jack Grealish",26,2187,6,5.1926838234067,10,9.3341366276145,50,81,5,0,"F M S","Aston Villa",6,5.1926838234067,17.4874688088894,6.97204398363829,2020
592,"Ross Barkley",24,1539,3,3.68241696897894,1,4.20376345328987,38,39,0,0,"M S","Aston Villa",3,3.68241696897894,9.67429276835173,3.62739758193493,2020
7723,"John McGinn",37,3330,3,2.16659525316209,5,3.50175765994936,45,42,12,0,"M","Aston Villa",3,2.16659525316209,14.8682673107833,9.94561926461756,2020
1024,"Tyrone Mings",36,3194,2,2.06161261536181,2,0.376271465793252,19,7,4,1,"D","Aston Villa",2,2.06161261536181,6.9324387582019,6.70853829104453,2020
7722,"Trézéguet",21,1175,2,3.97903546877205,1,2.14756775088608,35,13,0,0,"F M S","Aston Villa",2,3.97903546877205,7.02720906026661,1.90393277816474,2020
7726,"Ezri Konsa Ngoyo",36,3192,2,3.29155861400068,0,0.0931766256690025,22,2,3,0,"D S","Aston Villa",2,3.29155861400068,3.42955021373928,3.38194416277111,2020
1053,"Keinan Davis",15,240,1,1.26877450570464,1,0.684618379920721,9,6,0,0,"F S","Aston Villa",1,1.26877450570464,1.96460820734501,0.335083345882595,2020
6859,"Kortney Hause",7,630,1,1.30375276133418,0,0,5,0,2,0,"D","Aston Villa",1,1.30375276133418,1.80437602102757,1.80437602102757,2020
7721,"Conor Hourihane",4,236,1,0.567954540252686,1,0.919187903404236,5,5,0,0,"M S","Aston Villa",1,0.567954540252686,0.668175920844078,0.190557707101107,2020
710,"Neil Taylor",1,13,0,0,0,0,0,0,1,0,"S","Aston Villa",0,0,0,0,2020
884,"Matt Targett",38,3407,0,0.280304475687444,2,2.79966921173036,6,39,7,0,"D","Aston Villa",0,0.280304475687444,9.61085865274072,8.20331346336752,2020
1685,"Ahmed Elmohamady",14,823,0,0.341272763907909,0,0.989466428756714,9,13,2,0,"D S","Aston Villa",0,0.341272763907909,2.42696808371693,1.61021227482706,2020
3696,"Morgan Sanson",9,291,0,0.0263571375980973,0,0.108452171087265,2,1,3,0,"M S","Aston Villa",0,0.0263571375980973,0.301813635975122,0.193361464887857,2020
4401,"Emiliano Martinez",38,3420,0,0,0,0.122923359274864,0,2,1,0,"GK","Aston Villa",0,0,3.7309092329815,3.60798586625606,2020
6122,"Douglas Luiz",33,2807,0,1.3188335550949,2,2.41814829688519,26,19,8,1,"M S","Aston Villa",0,1.3188335550949,9.61589563451707,7.10810370184481,2020
7724,"Wesley",3,14,0,0.0328821875154972,0,0,1,0,0,0,"S","Aston Villa",0,0.0328821875154972,0.118235345929861,0.0853531584143639,2020
8040,"Marvelous Nakamba",13,757,0,0.0330835282802582,0,0.0593339893966913,2,2,3,0,"M S","Aston Villa",0,0.0330835282802582,0.893009854480624,0.811434226110578,2020
8864,"Matthew Cash",28,2389,0,0.247891438193619,2,1.90566261485219,9,21,6,1,"D","Aston Villa",0,0.247891438193619,6.59160257410258,5.03345950972289,2020
8941,"Jacob Ramsey",22,593,0,0.574548911303282,0,0.211908303201199,11,6,0,0,"M S","Aston Villa",0,0.574548911303282,2.22764329612255,1.69488282501698,2020
9356,"Carney Chukwuemeka",2,16,0,0.0560439042747021,0,0,1,0,0,0,"S","Aston Villa",0,0.0560439042747021,0.0560439042747021,0,2020
9415,"Jaden Philogene-Bidace",1,1,0,0,0,0,0,0,0,0,"S","Aston Villa",0,0,0.0560439042747021,0.0560439042747021,2020
5555,"Dominic Calvert-Lewin",33,2878,16,18.2105136699975,0,2.10181883350015,83,18,3,0,"F S","Everton",16,18.2105136699975,19.8843064755201,4.27079771459103,2020
6026,"Richarlison",34,2883,7,10.6702611986548,3,3.39476117119193,81,25,4,1,"F M S","Everton",6,9.90909236110747,15.8647142276168,5.17445286177099,2020
714,"Gylfi Sigurdsson",36,2250,6,6.40470332745463,5,4.83768582157791,49,44,2,0,"F M S","Everton",3,3.3600279437378,8.47510592080653,3.66051417216659,2020
2249,"James Rodríguez",23,1802,6,3.36353784240782,4,5.43971156701446,37,40,4,0,"F M S","Everton",6,3.36353784240782,12.0330048650503,7.10418137721717,2020
1653,"Michael Keane",35,2986,3,1.50469165854156,1,1.0852528270334,16,7,4,0,"D S","Everton",3,1.50469165854156,6.95178431458771,6.67562152631581,2020
1726,"Abdoulaye Doucouré",29,2468,2,2.36952302977443,3,2.38899898482487,18,21,6,0,"M","Everton",2,2.36952302977443,10.4532077126205,6.82409260049462,2020
6521,"Yerry Mina",24,1941,2,1.74943419545889,0,0.0195989739149809,17,1,2,0,"D S","Everton",2,1.74943419545889,4.31314083747566,4.21271867863834,2020
500,"Alex Iwobi",30,1536,1,0.843632018193603,2,2.15534890070558,15,16,0,0,"D F M S","Everton",1,0.843632018193603,7.21891633048654,4.47558460570872,2020
985,"Mason Holgate",28,2298,1,1.29818908683956,0,0.571194166317582,5,8,9,0,"D M S","Everton",1,1.29818908683956,3.79085314832628,3.34896591305733,2020
7063,"Bernard",12,438,1,0.193635610863566,0,0.525448303669691,6,10,2,0,"F M S","Everton",1,0.193635610863566,1.28254514373839,0.702659395523369,2020
465,"Joshua King",11,119,0,0.788124790415168,0,0,3,0,0,0,"S","Everton",0,0.788124790415168,0.886890819296241,0.756995674222708,2020
503,"Theo Walcott",1,10,0,0,0,0,0,0,0,0,"S","Everton",0,0,0,0,2020
585,"Seamus Coleman",25,1612,0,0.894843334332108,3,1.50762640405446,12,19,0,0,"D M S","Everton",0,0.894843334332108,5.50401418656111,4.07946090772748,2020
741,"Jordan Pickford",31,2742,0,0,0,0.0217736214399338,0,1,1,0,"GK","Everton",0,0,3.71415965724736,3.69238603580743,2020
876,"Fabian Delph",8,249,0,0.0149579830467701,0,0.0544490125030279,1,2,1,0,"D M S","Everton",0,0.0149579830467701,1.06061794422567,1.01715742610395,2020
1042,"Tom Davies",25,1433,0,0.177402196452022,1,0.956184379756451,7,6,3,0,"D M S","Everton",0,0.177402196452022,3.18804723396897,2.69048634916544,2020
1084,"Jonjoe Kenny",4,81,0,0,0,0,0,0,0,0,"D S","Everton",0,0,0.240644514560699,0.240644514560699,2020
1304,"Moise Kean",2,10,0,0.0223457217216492,0,0,1,0,0,0,"S","Everton",0,0.0223457217216492,0.0223457217216492,0,2020
1379,"Allan",24,2051,0,0.241721147671342,0,0.772285228595138,7,16,6,0,"M S","Everton",0,0.241721147671342,9.10965269804001,8.36444772593677,2020
1823,"Lucas Digne",30,2683,0,0.464043115265667,7,5.96071672812104,13,45,2,1,"D M","Everton",0,0.464043115265667,10.7443292960525,6.58903606235981,2020
2383,"André Gomes",28,1574,0,0.427128699608147,1,1.05445087514818,14,15,3,0,"M S","Everton",0,0.427128699608147,5.50841940473765,4.37628674507141,2020
4764,"Jean-Philippe Gbamin",1,9,0,0,0,0,0,0,0,0,"S","Everton",0,0,0,0,2020
6477,"Cenk Tosun",5,37,0,0,0,0.0740792751312256,0,1,2,0,"S","Everton",0,0,0.108066499233246,0.03398722037673,2020
6962,"Robin Olsen",7,630,0,0,0,0,0,0,1,0,"GK","Everton",0,0,0.819591045379639,0.819591045379639,2020
7689,"Ben Godfrey",31,2682,0,0.793114734813571,2,0.978483250364661,14,4,4,0,"D S","Everton",0,0.793114734813571,5.55038263089955,4.86614851467311,2020
8109,"Niels Nkounkou",2,80,0,0.0169598218053579,0,0,1,0,1,0,"D S","Everton",0,0.0169598218053579,0.030957642942667,0.0139978211373091,2020
8150,"Anthony Gordon",3,87,0,0,0,0.0191399920731783,0,1,0,0,"M S","Everton",0,0,0.188504796475172,0.188504796475172,2020
8366,"João Virgínia",1,48,0,0,0,0,0,0,0,0,"S","Everton",0,0,0,0,2020
9406,"Nathan Broadhead",1,1,0,0,0,0,0,0,0,0,"S","Everton",0,0,0,0,2020
986,"Danny Ings",29,2200,12,8.27657324448228,4,2.31123058032244,57,22,1,0,"F S","Southampton",10,6.7542355209589,10.4822180066258,2.47904085740447,2020
7700,"Che Adams",36,2685,9,12.1187341623008,5,5.22775350511074,55,37,1,0,"F S","Southampton",9,12.1187341623008,14.486911714077,2.74462432973087,2020
843,"James Ward-Prowse",38,3420,8,5.44203631579876,7,4.07097909785807,43,60,5,0,"D M","Southampton",5,2.39736095070839,10.6377302389592,9.40103399939835,2020
6893,"Stuart Armstrong",33,2791,4,2.64000849146396,5,2.90135654434562,54,35,3,0,"M S","Southampton",4,2.64000849146396,10.028461560607,6.73770284093916,2020
111,"Jannik Vestergaard",30,2571,3,2.10540829412639,0,0.740825263783336,23,7,3,1,"D S","Southampton",3,2.10540829412639,6.06483466736972,5.99005028605461,2020
503,"Theo Walcott",21,1650,3,2.28067664243281,3,1.26310275867581,29,17,0,0,"F M S","Southampton",3,2.28067664243281,5.55197940766811,2.23355010896921,2020
790,"Nathan Redmond",29,1718,2,3.83379046060145,3,3.35308224335313,45,29,1,0,"F M S","Southampton",2,3.83379046060145,8.99761322885752,3.26755645126104,2020
8239,"Takumi Minamino",10,728,2,1.65926088392735,0,0.810821570456028,13,5,1,0,"F M S","Southampton",2,1.65926088392735,4.67285992205143,2.31330370903015,2020
842,"Oriol Romeu",21,1777,1,0.445827158167958,1,1.5368066392839,14,14,6,0,"M S","Southampton",1,0.445827158167958,6.23804516345263,5.06345807015896,2020
6042,"Jan Bednarek",36,3111,1,0.468392670154572,1,1.15994737111032,10,5,5,1,"D","Southampton",1,0.468392670154572,8.54450537078083,8.48999060504138,2020
7701,"Moussa Djenepo",27,1236,1,0.792782021686435,0,0.40187256410718,14,6,5,0,"M S","Southampton",1,0.792782021686435,2.98837685585022,1.91312470287085,2020
8456,"Nathan Tella",18,734,1,1.98823748528957,1,1.09090106189251,17,6,2,0,"F M S","Southampton",1,1.98823748528957,2.90741886943579,0.483969340100884,2020
635,"Alex McCarthy",30,2700,0,0,0,0,0,0,2,0,"GK","Southampton",0,0,2.76343253813684,2.76343253813684,2020
831,"Fraser Forster",8,720,0,0,0,0,0,0,0,0,"GK","Southampton",0,0,1.1139454767108,1.1139454767108,2020
835,"Ryan Bertrand",29,2600,0,0.374919967725873,1,1.39529744721949,8,13,5,0,"D","Southampton",0,0.374919967725873,5.3616629075259,4.8138954853639,2020
839,"Shane Long",11,184,0,0.0642247665673494,0,0,2,0,0,0,"F S","Southampton",0,0.0642247665673494,0.08692492172122,0.0660683307796717,2020
885,"Kyle Walker-Peters",30,2655,0,1.13507952727377,2,1.25375118013471,18,16,4,0,"D","Southampton",0,1.13507952727377,8.66398729756474,6.62514399178326,2020
1735,"Jack Stephens",18,1544,0,0.89430333301425,0,0.455656360834837,6,6,2,0,"D M S","Southampton",0,0.89430333301425,3.08108785189688,2.75140307284892,2020
6504,"Michael Obafemi",4,52,0,0,0,0.0549185536801815,0,1,0,0,"S","Southampton",0,0,0.148902686312795,0.148902686312795,2020
6736,"Ibrahima Diallo",22,999,0,0.608452327549458,0,0.637549309059978,7,9,3,0,"M S","Southampton",0,0.608452327549458,3.30230640247464,2.5710457675159,2020
6923,"Mohammed Salisu",12,836,0,0.478431653231382,0,0.172157373279333,4,2,1,0,"D S","Southampton",0,0.478431653231382,2.20429232344031,2.154072239995,2020
7280,"Yan Valery",3,95,0,0.292913712561131,0,0.0916099846363068,2,1,0,0,"D S","Southampton",0,0.292913712561131,0.470328062772751,0.177414357662201,2020
7326,"Kayne Ramsay",1,90,0,0,0,0,0,0,1,0,"D","Southampton",0,0,0.0165767464786768,0.0165767464786768,2020
7983,"Daniel N&#039;Lundulu",13,82,0,0.0264672767370939,0,0.0303087960928679,1,1,0,0,"S","Southampton",0,0.0264672767370939,0.0567760728299618,0.0264672767370939,2020
8224,"William Smallbone",3,174,0,0.0460923835635185,0,0,1,0,0,0,"M S","Southampton",0,0.0460923835635185,0.186614390462637,0.140521999448538,2020
8493,"Jake Vokins",1,69,0,0,0,0.0370409600436687,0,1,0,0,"D","Southampton",0,0,0.172543928027153,0.135502979159355,2020
8511,"Alexandre Jankewitz",2,2,0,0,0,0,0,0,0,1,"M S","Southampton",0,0,0.0920088216662407,0.0920088216662407,2020
9256,"Caleb Watts",3,30,0,0,0,0,0,0,1,0,"S","Southampton",0,0,0,0,2020
9257,"Allan Tchaptchet",1,10,0,0,0,0,0,0,0,0,"S","Southampton",0,0,0,0,2020
755,"Jamie Vardy",34,2848,15,19.9429461099207,9,5.08788152225316,82,28,1,0,"F S","Leicester",7,13.0924265794456,18.2279073670506,2.41258773393929,2020
620,"Kelechi Iheanacho",25,1452,12,9.04859614837915,2,3.53409919328988,59,28,1,0,"F S","Leicester",12,8.28742731083184,13.9615636356175,3.42991530895233,2020
6681,"Harvey Barnes",25,1954,9,6.69731991924345,4,1.77168802730739,56,26,0,0,"F M S","Leicester",9,6.69731991924345,8.89377441070974,1.59484052844346,2020
6818,"James Maddison",31,2123,8,3.82756986655295,5,5.38672392070293,75,50,4,0,"M S","Leicester",8,3.82756986655295,11.7434311024845,6.0731303524226,2020
5956,"Youri Tielemans",38,3359,6,4.16820392664522,4,3.31225133873522,48,49,6,0,"M S","Leicester",4,2.64586631115526,18.9753420427442,14.9454685263336,2020
770,"Ayoze Pérez",25,1326,2,4.03657531738281,1,1.24860649183393,31,23,2,0,"F M S","Leicester",2,4.03657531738281,9.87275937385857,6.75995579734445,2020
807,"Jonny Evans",28,2483,2,1.8557127667591,2,0.538631079718471,8,10,7,0,"D","Leicester",2,1.8557127667591,8.73060951009393,7.94296670332551,2020
6157,"Timothy Castagne",27,2349,2,1.60026659071445,3,2.30696253292263,8,21,1,0,"D M","Leicester",2,1.60026659071445,8.44591739214957,6.60622662678361,2020
7753,"James Justin",23,2070,2,1.5174830891192,1,2.05913627147675,9,19,4,0,"D","Leicester",2,1.5174830891192,7.6656638532877,5.50503611937165,2020
753,"Marc Albrighton",31,1731,1,1.24673087149858,5,4.0363764539361,21,38,2,0,"D M S","Leicester",1,1.24673087149858,8.01767716929317,5.14271054416895,2020
759,"Daniel Amartey",12,714,1,0.542172275483608,0,0,3,0,2,0,"D S","Leicester",1,0.542172275483608,2.53173326700926,2.45687621086836,2020
1234,"Dennis Praet",15,730,1,0.438968420028687,1,1.21585632115602,8,7,0,0,"M S","Leicester",1,0.438968420028687,2.11191887967288,1.291694002226,2020
5264,"Caglar Söyüncü",23,1802,1,0.539208229631186,0,0.326974956318736,10,7,2,0,"D S","Leicester",1,0.539208229631186,7.39043485745788,7.36866756901145,2020
5545,"Wilfred Ndidi",26,2181,1,0.596031940542161,4,1.33349838014692,16,16,6,0,"D M S","Leicester",1,0.596031940542161,10.2300505433232,8.72567112930119,2020
8562,"Luke Thomas",14,982,1,0.270202109590173,0,0.947651330381632,7,7,2,0,"D M S","Leicester",1,0.270202109590173,2.152353964746,1.72916025854647,2020
745,"Kasper Schmeichel",38,3420,0,0,0,0,0,0,0,0,"GK","Leicester",0,0,3.86881783837453,3.86881783837453,2020
748,"Wes Morgan",3,13,0,0,0,0,0,0,0,0,"S","Leicester",0,0,0.144612669944763,0.144612669944763,2020
749,"Christian Fuchs",9,703,0,0.0737314745783806,0,0.0130155831575394,4,1,4,0,"D S","Leicester",0,0.0737314745783806,2.72385110333562,2.66554918885231,2020
762,"Demarai Gray",1,17,0,0.0579720586538315,0,0,1,0,0,0,"S","Leicester",0,0.0579720586538315,0.0270334370434284,0.0270334370434284,2020
1682,"Islam Slimani",1,17,0,0.100369192659855,0,0.076834462583065,1,1,0,0,"S","Leicester",0,0.100369192659855,0.17720365524292,0,2020
1785,"Nampalys Mendy",23,1463,0,0.0776135493069887,1,0.183155238628387,4,5,5,0,"M S","Leicester",0,0.0776135493069887,3.48795855604112,3.32441983744502,2020
3303,"Ricardo Pereira",15,954,0,0.363393783569336,1,0.760674580931664,7,10,3,0,"D M S","Leicester",0,0.363393783569336,4.40582030639052,3.73677574470639,2020
6162,"Cengiz Ünder",9,259,0,0.252603205852211,2,1.66403422877192,9,6,0,0,"M S","Leicester",0,0.252603205852211,2.68869311083108,1.02270390093327,2020
6418,"Hamza Choudhury",10,312,0,0.447797831147909,0,0,4,0,1,0,"M S","Leicester",0,0.447797831147909,2.32785899192095,1.94566759467125,2020
7589,"Wesley Fofana",28,2274,0,1.37632940337062,0,0.282855542376637,11,6,7,0,"D S","Leicester",0,1.37632940337062,7.29446894675493,7.19947026669979,2020
9311,"Thakgalo Leshabela",1,8,0,0,0,0,0,0,0,0,"S","Leicester",0,0,1.00246572494507,1.00246572494507,2020
9395,"Sidnei Tavares",2,84,0,0.0207984540611506,0,0,1,0,0,0,"M S","Leicester",0,0.0207984540611506,0.0207984540611506,0,2020
7153,"Matheus Pereira",33,2594,11,6.94831653870642,6,6.35553929954767,65,58,2,1,"M S","West Bromwich Albion",7,3.90364108607173,10.8570541571826,3.75792377255857,2020
4476,"Callum Robinson",28,1580,5,3.20306339859962,0,1.04996320605278,31,16,0,0,"F M S","West Bromwich Albion",5,3.20306339859962,5.2165407538414,1.59633553773165,2020
964,"Kyle Bartley",30,2581,3,2.60140032321215,1,0.759965024888515,14,7,4,0,"D S","West Bromwich Albion",3,2.60140032321215,2.48464941047132,1.49934011138976,2020
9290,"Mbaye Diagne",16,1205,3,6.24782515317202,2,0.986100740730762,25,10,2,0,"F S","West Bromwich Albion",3,6.24782515317202,8.72995074093342,1.77301015518606,2020
1737,"Matt Phillips",33,1823,2,2.92351690772921,1,3.24567134492099,22,25,1,0,"M S","West Bromwich Albion",2,2.92351690772921,7.04055171553046,2.61323076486588,2020
1738,"Hal Robson-Kanu",19,522,2,1.49608131125569,0,0.243450194597244,13,5,2,0,"F S","West Bromwich Albion",2,1.49608131125569,2.26420515403152,0.634409207850695,2020
4490,"Semi Ajayi",33,2773,2,1.73379551246762,0,0.510466268286109,13,7,3,1,"D S","West Bromwich Albion",2,1.73379551246762,4.62927671149373,3.11233249679208,2020
9040,"Conor Gallagher",30,2529,2,1.54232615791261,2,1.41828779689968,29,21,11,0,"M S","West Bromwich Albion",2,1.54232615791261,5.05953987687826,3.12478549033403,2020
4391,"Darnell Furlong",35,2926,1,1.93333247024566,3,2.46300551481545,26,17,5,0,"D M S","West Bromwich Albion",1,1.93333247024566,6.13547281548381,3.37402238510549,2020
6651,"Grady Diangana",20,1249,1,1.09782137908041,0,0.162048859521747,14,5,0,0,"F M S","West Bromwich Albion",1,1.09782137908041,1.62927128188312,0.621117269620299,2020
7390,"Karlan Grant",21,1140,1,1.69424052163959,0,0.149186473339796,16,2,1,0,"F M S","West Bromwich Albion",1,1.69424052163959,1.81000655051321,0.505270667374134,2020
545,"Kieran Gibbs",10,808,0,0.0619419403374195,0,0.406205959618092,1,4,0,1,"D S","West Bromwich Albion",0,0.0619419403374195,0.893474910408258,0.812916703522205,2020
682,"Branislav Ivanovic",13,761,0,0.459470815956593,0,0.0489294975996017,4,1,2,0,"D S","West Bromwich Albion",0,0.459470815956593,0.349197341129184,0.349197341129184,2020
848,"Charlie Austin",5,126,0,0.412962645292282,0,0,3,0,0,0,"S","West Bromwich Albion",0,0.412962645292282,0.412962645292282,0,2020
978,"Sam Johnstone",37,3330,0,0,1,0.110116980969906,0,1,1,0,"GK","West Bromwich Albion",0,0,2.62721583619714,2.51709885522723,2020
1013,"Sam Field",3,56,0,0,0,0,0,0,0,0,"S","West Bromwich Albion",0,0,0,0,2020
1689,"Jake Livermore",18,1247,0,0.281537119299173,0,0.175723245367408,5,5,2,1,"M S","West Bromwich Albion",0,0.281537119299173,2.17140758410096,1.8604294564575,2020
1691,"Robert Snodgrass",8,530,0,0.206367384642363,0,0.540032532066107,4,3,2,0,"M S","West Bromwich Albion",0,0.206367384642363,0.814837571233511,0.150253375992179,2020
1750,"Ainsley Maitland-Niles",15,1236,0,0.694716643542051,0,0.740548849105835,10,4,2,0,"M S","West Bromwich Albion",0,0.694716643542051,3.56392281502485,2.80320353806019,2020
3231,"Kamil Grosicki",3,151,0,0.109249077737331,1,0.566355854272842,3,3,0,0,"M S","West Bromwich Albion",0,0.109249077737331,0.165013462305069,0.0179620739072561,2020
3979,"Ahmed Hegazy",1,90,0,0,0,0,0,0,0,0,"D","West Bromwich Albion",0,0,0.184028148651123,0.184028148651123,2020
5562,"Rekeem Harper",2,27,0,0.0295953508466482,0,0,1,0,0,0,"S","West Bromwich Albion",0,0.0295953508466482,0.0382114611566067,0.00861611030995846,2020
6822,"Lee Peltier",4,230,0,0,0,0.0223217345774174,0,1,1,0,"D S","West Bromwich Albion",0,0,0.178315822035074,0.155994087457657,2020
6843,"David Button",1,90,0,0,0,0,0,0,0,0,"GK","West Bromwich Albion",0,0,0,0,2020
6932,"Okay Yokuslu",16,1328,0,0.719497153535485,1,0.442520586773753,12,6,4,0,"M S","West Bromwich Albion",0,0.719497153535485,2.78797280415893,2.36119451746345,2020
8756,"Dara O&#039;Shea",28,2098,0,0.0642527882009745,0,0.119291768409312,3,5,3,0,"D S","West Bromwich Albion",0,0.0642527882009745,1.89830538351089,1.83844103477895,2020
8757,"Romaine Sawyers",19,1495,0,0.149906346574426,0,0.682290121912956,4,6,3,0,"M S","West Bromwich Albion",0,0.149906346574426,1.84324454516172,1.18651317059994,2020
8758,"Kyle Edwards",5,110,0,0.118815787136555,0,0.0213788375258446,2,1,0,0,"M S","West Bromwich Albion",0,0.118815787136555,0.192282140254974,0.0520875193178654,2020
8905,"Conor Townsend",25,2237,0,0.822823301889002,2,2.64850686304271,11,23,0,0,"D M","West Bromwich Albion",0,0.822823301889002,6.11982297711074,3.78573706373572,2020
8966,"Filip Krovinovic",11,537,0,0.215681890025735,0,0.171874806284904,8,5,0,0,"M S","West Bromwich Albion",0,0.215681890025735,0.695809597149491,0.477455567568541,2020
522,"Wilfried Zaha",30,2615,11,8.80443989485502,2,3.70282110385597,60,30,6,0,"F M S","Crystal Palace",9,7.28210223466158,13.5794724747539,3.63443618826568,2020
606,"Christian Benteke",30,1824,10,7.45740118809044,1,0.697626286186278,71,15,1,1,"F S","Crystal Palace",10,7.45740118809044,8.47283953242004,3.15355377551168,2020
8706,"Eberechi Eze",34,2570,4,2.49457214213908,6,3.74196193832904,37,42,3,0,"M S","Crystal Palace",4,2.49457214213908,7.99647749587893,3.95995455980301,2020
757,"Jeffrey Schlupp",27,1424,2,2.01511554419994,3,2.57258250378072,18,18,3,0,"M S","Crystal Palace",2,2.01511554419994,5.15802924521267,3.46695673651993,2020
1678,"Michy Batshuayi",18,706,2,1.36314516421407,1,1.65472125262022,12,9,0,0,"F S","Crystal Palace",2,1.36314516421407,3.70800687372684,1.47573206759989,2020
6027,"Jairo Riedewald",33,1803,2,0.563081227242947,0,0.897361388429999,8,11,4,0,"M S","Crystal Palace",2,0.563081227242947,3.51138485409319,2.33395050279796,2020
512,"Scott Dann",15,1350,1,0.548288747668266,0,0.0176128353923559,4,1,1,0,"D","Crystal Palace",1,0.548288747668266,1.18521036487073,1.16759752761573,2020
532,"Cheikhou Kouyaté",36,3126,1,0.823928102850914,0,0.830787105485797,7,8,4,0,"D M S","Crystal Palace",1,0.823928102850914,4.74433244206011,4.53050851263106,2020
672,"Jordan Ayew",33,2097,1,2.58198268897831,3,0.822346155531704,26,13,4,0,"F M S","Crystal Palace",1,2.58198268897831,5.26827195845544,2.65057421568781,2020
699,"Gary Cahill",20,1800,1,0.736513683572412,1,0.621741116046906,11,8,3,0,"D","Crystal Palace",1,0.736513683572412,2.27318937145174,2.02311667986214,2020
775,"Andros Townsend",34,2255,1,2.47199812158942,5,4.1464935913682,36,40,0,0,"F M S","Crystal Palace",1,2.47199812158942,7.26247923821211,3.63024164736271,2020
5549,"Luka Milivojevic",31,2374,1,2.21346110058948,1,1.77346430532634,19,21,8,1,"M S","Crystal Palace",0,0.691123403143138,6.36730189388618,5.70525705814362,2020
5735,"Jean-Philippe Mateta",7,213,1,0.325430884957314,0,0.0162953287363052,4,1,0,0,"F S","Crystal Palace",1,0.325430884957314,0.397356502711773,0.136050835251808,2020
8214,"Tyrick Mitchell",19,1710,1,1.0755382552743,1,0.230879224836826,2,3,1,0,"D","Crystal Palace",1,1.0755382552743,4.47053668275476,3.25673750042915,2020
485,"Mamadou Sakho",4,274,0,0.0188349187374115,0,0,1,0,0,0,"D S","Crystal Palace",0,0.0188349187374115,0.514052927494049,0.514052927494049,2020
510,"Joel Ward",26,2252,0,0.0517113739624619,1,0.473003345541656,2,7,5,0,"D S","Crystal Palace",0,0.0517113739624619,3.11623033322394,2.88939818553627,2020
525,"Martin Kelly",1,1,0,0,0,0,0,0,0,0,"S","Crystal Palace",0,0,0,0,2020
530,"James Tomkins",8,553,0,0.12336964905262,0,0.110448494553566,2,1,1,0,"D S","Crystal Palace",0,0.12336964905262,0.28486899100244,0.28486899100244,2020
589,"James McCarthy",16,834,0,0.0122776757925749,0,0.289828268811107,1,5,1,0,"M S","Crystal Palace",0,0.0122776757925749,1.19817946106195,1.02801842242479,2020
603,"Nathaniel Clyne",13,1151,0,0.122933940961957,1,0.222484923899174,4,4,2,0,"D","Crystal Palace",0,0.122933940961957,1.89696388877928,1.7311625815928,2020
633,"James McArthur",18,1482,0,0.282254314981401,2,1.52037073299289,6,15,3,0,"M S","Crystal Palace",0,0.282254314981401,3.24560363218188,2.25738313607872,2020
730,"Patrick van Aanholt",22,1775,0,1.39833849668503,1,0.649572467431426,18,12,2,0,"D M S","Crystal Palace",0,1.39833849668503,4.8094772323966,3.35422102361917,2020
856,"Jack Butland",1,90,0,0,0,0,0,0,0,0,"GK","Crystal Palace",0,0,0,0,2020
2190,"Vicente Guaita",37,3330,0,0,0,0,0,0,2,0,"GK","Crystal Palace",0,0,1.43244034424424,1.43244034424424,2020
1389,"Jorginho",28,2022,7,6.97269067820162,1,1.95486938208342,14,24,2,0,"M S","Chelsea",0,0.122245329432189,11.3837304757908,10.8789753736928,2020
65,"Timo Werner",35,2605,6,13.4327955860645,8,6.66727664321661,80,36,2,0,"F M S","Chelsea",6,13.4327955860645,20.533462934196,5.24212171975523,2020
702,"Tammy Abraham",22,1027,6,6.18915068358183,1,0.721487460657954,32,9,0,0,"F S","Chelsea",6,6.18915068358183,7.90117040835321,2.12232822552323,2020
7768,"Mason Mount",36,2891,6,6.88488033600152,5,9.84769135527313,82,87,2,0,"F M S","Chelsea",5,6.12371150963008,21.6960744829848,12.4431490404531,2020
935,"Kurt Zouma",24,2024,5,3.13685344532132,0,0.0814669709652662,27,4,3,0,"D S","Chelsea",5,3.13685344532132,6.21614633593708,6.13313330803066,2020
502,"Olivier Giroud",17,750,4,5.07041580602527,0,1.17579912766814,29,6,1,0,"F S","Chelsea",4,5.07041580602527,5.24549137055874,1.71133722178638,2020
2662,"Christian Pulisic",27,1739,4,6.77541247755289,2,2.76123216934502,43,25,2,0,"F M S","Chelsea",4,6.77541247755289,14.593857947737,7.10111959371716,2020
5220,"Kai Havertz",27,1523,4,6.35218371264637,3,1.55338191520423,33,18,2,0,"F M S","Chelsea",4,6.35218371264637,10.3829436274245,4.8119112495333,2020
782,"Ben Chilwell",27,2296,3,2.98489039950073,5,2.4556778408587,27,30,3,0,"D M","Chelsea",3,2.98489039950073,11.3309613466263,8.15513192117214,2020
1621,"Marcos Alonso",13,962,2,1.82407828420401,0,1.72169937798753,22,15,2,0,"D S","Chelsea",2,1.82407828420401,4.64339573308825,2.53642362356186,2020
3288,"Thiago Silva",23,1938,2,1.32054540142417,0,0.29149416461587,13,5,3,1,"D","Chelsea",2,1.32054540142417,7.84285775385797,7.63691911287606,2020
6456,"Callum Hudson-Odoi",23,1048,2,1.36968925222754,3,3.10414177924395,23,31,0,0,"D F M S","Chelsea",2,1.36968925222754,7.82435818761587,5.49919901508838,2020
8992,"Hakim Ziyech",23,1182,2,1.98731387034059,3,4.47844919189811,35,34,3,0,"F M S","Chelsea",2,1.98731387034059,7.66067156195641,3.69192428607494,2020
681,"César Azpilicueta",26,2189,1,0.503005005419254,2,2.575494335033,11,27,5,1,"D S","Chelsea",1,0.503005005419254,13.9892425313592,12.3388207368553,2020
1822,"Antonio Rüdiger",19,1710,1,1.13993645180017,0,0.305807361379266,14,4,0,0,"D","Chelsea",1,1.13993645180017,9.13765046000481,9.0448362827301,2020
8067,"Reece James",32,2355,1,1.53459699079394,2,3.64997490029782,35,42,3,0,"D M S","Chelsea",1,1.53459699079394,11.7186221312732,9.58886636421084,2020
200,"Andreas Christensen",17,1375,0,0.129408271983266,0,0.250104570761323,3,6,2,1,"D S","Chelsea",0,0.129408271983266,7.44171058014035,7.27674244716763,2020
592,"Ross Barkley",2,35,0,0.017517002299428,0,0.115239158272743,1,1,0,0,"S","Chelsea",0,0.017517002299428,0.22261007130146,0.0898539051413536,2020
624,"Willy Caballero",1,90,0,0,0,0,0,0,0,0,"GK","Chelsea",0,0,0.143563121557236,0.143563121557236,2020
688,"Ruben Loftus-Cheek",1,65,0,0,0,0,0,0,0,0,"F","Chelsea",0,0,0.0198027882725,0.0198027882725,2020
703,"Fikayo Tomori",1,43,0,0,0,0,0,0,0,0,"S","Chelsea",0,0,0.0727275162935257,0.0727275162935257,2020
751,"N&#039;Golo Kanté",30,2142,0,0.700462453067303,2,1.20671264454722,10,22,7,0,"M S","Chelsea",0,0.700462453067303,10.1026660129428,8.44140968471766,2020
1245,"Emerson",2,88,0,0,0,0,0,0,0,0,"S","Chelsea",0,0,0,0,2020
2254,"Mateo Kovacic",27,1833,0,0.931417285930365,1,1.91525842342526,23,21,4,0,"M S","Chelsea",0,0.931417285930365,14.8087241994217,13.0357916513458,2020
5061,"Kepa",7,582,0,0,0,0,0,0,1,0,"GK S","Chelsea",0,0,0.305024398490787,0.305024398490787,2020
6880,"Edouard Mendy",31,2748,0,0,0,0,0,0,2,0,"GK","Chelsea",0,0,4.7805234733969,4.7805234733969,2020
7988,"Billy Gilmour",5,256,0,0.0511343106627464,0,0.12365835532546,1,3,0,0,"M S","Chelsea",0,0.0511343106627464,0.543671995401382,0.406430423259735,2020
531,"Michail Antonio",26,1993,10,14.1388385407627,5,3.19442281313241,63,27,3,0,"F S","West Ham",10,14.1388385407627,19.2738258801401,2.77052060142159,2020
8288,"Tomas Soucek",38,3420,10,8.98298333585262,1,2.44475601054728,64,18,7,1,"M","West Ham",10,8.98298333585262,16.9984347969294,8.7169584184885,2020
558,"Jesse Lingard",16,1434,9,5.24916851893067,4,2.32928841374815,42,18,3,0,"F M","West Ham",8,3.72683089226484,10.0957086496055,5.69042514264584,2020
1776,"Jarrod Bowen",38,2599,8,7.98889435268939,5,5.22947577666491,55,29,0,0,"F M S","West Ham",8,7.98889435268939,14.1719391066581,3.09699499513954,2020
2335,"Pablo Fornals",33,2603,5,6.74941030330956,4,2.53299548570067,50,31,3,0,"F M S","West Ham",5,6.74941030330956,16.3200412467122,8.42710904218256,2020
528,"Angelo Ogbonna",28,2493,3,1.69607364665717,0,0.428470747545362,13,4,5,0,"D","West Ham",3,1.69607364665717,4.00784369930625,3.78534875437617,2020
804,"Craig Dawson",22,1925,3,2.73606073530391,0,0.0544682964682579,16,2,3,1,"D","West Ham",3,2.73606073530391,3.00505726970732,3.00505726970732,2020
6144,"Sébastien Haller",16,933,3,2.55466818064451,0,1.13486781343818,25,10,0,0,"F S","West Ham",3,2.55466818064451,3.66033024340868,0.852948931977153,2020
3203,"Issa Diop",18,1379,2,0.953530967235565,0,0.0177795812487602,3,1,3,0,"D S","West Ham",2,0.953530967235565,2.14792077243328,1.83172347396612,2020
5553,"Declan Rice",32,2880,2,3.19176524318755,1,1.97893419116735,28,23,2,0,"M","West Ham",1,1.66942753829062,10.6616322342306,9.18875901587307,2020
535,"Manuel Lanzini",17,548,1,0.971056749112904,1,1.00179219432175,12,11,1,0,"M S","West Ham",1,0.971056749112904,3.23266129288822,1.57950491923839,2020
3585,"Said Benrahma",30,1381,1,2.45593760255724,6,5.11455589998513,35,27,0,0,"M S","West Ham",1,2.45593760255724,10.3641790458933,3.7795806247741,2020
6424,"Ben Johnson",14,506,1,0.484409829601645,0,0.385865556076169,3,4,1,0,"D M S","West Ham",1,0.484409829601645,1.44398987665772,0.66788793168962,2020
6891,"Ryan Fredericks",14,563,1,0.214337456971407,1,1.2987349126488,4,12,2,0,"D M S","West Ham",1,0.214337456971407,1.06193167716265,0.308016585186124,2020
6892,"Fabián Balbuena",14,1197,1,1.09782455489039,0,0,8,0,1,1,"D S","West Ham",1,1.09782455489039,2.21880028769374,1.99630534276366,2020
533,"Mark Noble",21,702,0,0.0526793897151947,0,0.176331494934857,1,5,1,0,"M S","West Ham",0,0.0526793897151947,0.776315204799175,0.7236358076334,2020
534,"Aaron Cresswell",36,3176,0,0.883464438840747,8,7.39093990810215,19,58,3,0,"D","West Ham",0,0.883464438840747,10.6202826332301,8.39244052581489,2020
540,"Darren Randolph",3,270,0,0,0,0,0,0,0,0,"GK","West Ham",0,0,0.275161921977997,0.275161921977997,2020
706,"Lukasz Fabianski",35,3150,0,0,0,0,0,0,2,0,"GK","West Ham",0,0,1.27637435588986,1.27637435588986,2020
1208,"Felipe Anderson",2,2,0,0,0,0,0,0,0,0,"S","West Ham",0,0,0.0503686591982841,0.0503686591982841,2020
1691,"Robert Snodgrass",3,3,0,0,0,0,0,0,0,0,"S","West Ham",0,0,0.0160553976893425,0.0160553976893425,2020
1760,"Arthur Masuaku",12,1017,0,0.429025686345994,2,2.59589186124504,6,11,2,0,"D M","West Ham",0,0.429025686345994,4.27389127388597,1.7911399807781,2020
6274,"Andriy Yarmolenko",15,343,0,0.310007769614458,1,0.781444121152163,7,5,3,0,"M S","West Ham",0,0.310007769614458,1.45373069122434,0.931392326951027,2020
8965,"Vladimir Coufal",34,3056,0,1.39914868026972,7,6.38994204532355,15,45,3,0,"D M","West Ham",0,1.39914868026972,14.9808833040297,8.57749655842781,2020
647,"Harry Kane",35,3097,23,22.1748589091003,14,7.57709358818829,138,49,1,0,"F","Tottenham",19,19.1301834397018,24.9956483216956,4.45125684794039,2020
453,"Son Heung-Min",37,3139,17,11.0232867561281,10,9.51299246959388,68,75,0,0,"F M S","Tottenham",16,10.2621179036796,20.6719155497849,6.60875113867223,2020
2251,"Gareth Bale",20,909,11,5.79785767756402,2,1.84224139526486,38,21,1,0,"M S","Tottenham",11,5.79785767756402,8.14964091032743,2.59451372502372,2020
3293,"Lucas Moura",30,1392,3,1.94663265906274,4,2.06403528526425,18,16,1,0,"F M S","Tottenham",3,1.94663265906274,7.51403795927763,5.2000645622611,2020
5962,"Tanguy NDombele Alvaro",33,2141,3,1.53048154246062,2,2.12633359618485,18,14,3,0,"M S","Tottenham",3,1.53048154246062,10.9349651187658,8.00578512996435,2020
343,"Pierre-Emile Højbjerg",38,3420,2,1.13792725931853,4,1.75589504931122,14,16,9,0,"M","Tottenham",2,1.13792725931853,16.2058085035533,14.6803792212158,2020
3600,"Serge Aurier",19,1619,2,1.47527171298862,3,3.71939444541931,15,17,0,0,"D M","Tottenham",2,1.47527171298862,8.71173198893666,5.29309589788318,2020
639,"Toby Alderweireld",25,2243,1,0.613819364458323,0,0.968030090909451,10,8,2,0,"D","Tottenham",1,0.613819364458323,5.90050061792135,5.85721869021654,2020
644,"Erik Lamela",23,683,1,1.28941298276186,0,0.8058319715783,21,8,4,1,"F M S","Tottenham",1,1.28941298276186,4.19247244577855,2.82879773341119,2020
5681,"Giovani Lo Celso",18,955,1,1.52526075392962,1,1.19665230251849,15,15,5,0,"M S","Tottenham",1,1.52526075392962,5.27332344651222,3.31272739451379,2020
7395,"Carlos Vinicius",9,300,1,1.25499215722084,0,0.102793848142028,7,2,2,0,"F S","Tottenham",1,1.25499215722084,1.42126344144344,0.0867184661328793,2020
8300,"Steven Bergwijn",21,1218,1,2.09338335320354,3,0.812587445601821,15,13,3,0,"F M S","Tottenham",1,2.09338335320354,4.81433909013867,2.44627618417144,2020
637,"Hugo Lloris",38,3420,0,0,0,0,0,0,0,0,"GK","Tottenham",0,0,4.80101506970823,4.80101506970823,2020
643,"Eric Dier",28,2520,0,1.25316128879786,0,0.225423315074295,14,6,3,0,"D","Tottenham",0,1.25316128879786,5.72217646241188,5.69784420728683,2020
645,"Dele Alli",15,615,0,1.67459132894874,1,1.32624447159469,12,9,0,0,"M S","Tottenham",0,1.67459132894874,4.32270379178226,2.13458803109825,2020
660,"Ben Davies",20,1330,0,0.197693075984716,1,0.437375444918871,3,8,1,0,"D S","Tottenham",0,0.197693075984716,2.68457353673875,2.33105389215052,2020
772,"Moussa Sissoko",25,1563,0,0.248073309659958,0,0.184409471228719,3,4,3,0,"D M S","Tottenham",0,0.248073309659958,4.13622549455613,3.92696149926633,2020
971,"Harry Winks",15,854,0,0.0614713449031115,0,0.189981017261744,4,4,5,0,"M S","Tottenham",0,0.0614713449031115,3.7452441714704,3.64052334427834,2020
6249,"Davinson Sánchez",18,1488,0,0.800694175064564,0,0.0205302126705647,5,1,1,0,"D S","Tottenham",0,0.800694175064564,5.34808811545372,5.34808811545372,2020
6377,"Joe Rodon",12,730,0,0.0183293726295233,0,0,1,0,0,0,"D S","Tottenham",0,0.0183293726295233,1.4196595326066,1.4196595326066,2020
6852,"Matt Doherty",17,1228,0,0.363882433623075,2,0.764676038175821,3,11,2,1,"D M S","Tottenham",0,0.363882433623075,4.36995511036366,3.78517217282206,2020
7187,"Sergio Reguilón",27,2258,0,1.15955382585526,3,2.09910027123988,20,17,5,0,"D M S","Tottenham",0,1.15955382585526,8.52995326370001,6.11448177322745,2020
8222,"Japhet Tanganga",6,496,0,0.200776685029268,0,0.581575691699982,2,1,2,0,"D","Tottenham",0,0.200776685029268,1.39933989569545,0.817764203995466,2020
9332,"Dane Scarlett",1,1,0,0,0,0,0,0,0,0,"S","Tottenham",0,0,0,0,2020
3277,"Alexandre Lacazette",31,1939,13,12.0289094187319,2,2.20921311527491,45,22,3,0,"F M S","Arsenal",10,9.7454028762877,14.3615423943847,2.93794078379869,2020
318,"Pierre-Emerick Aubameyang",29,2333,10,10.4500519558787,3,2.43134933989495,57,22,2,0,"F M S","Arsenal",8,8.92771429568529,15.1139040645212,3.9551293188706,2020
5656,"Nicolas Pepe",29,1602,10,6.0002064416185,1,1.01216003764421,47,11,1,1,"F M S","Arsenal",9,5.23903762176633,9.35974013991654,4.21772577799857,2020
7322,"Bukayo Saka",32,2577,5,7.16917358711362,3,4.51179065462202,61,38,1,0,"D F M S","Arsenal",5,7.16917358711362,18.292466390878,9.18043956998736,2020
5613,"Gabriel",23,1994,2,1.56454996019602,0,0.0560959875583649,16,2,2,1,"D S","Arsenal",2,1.56454996019602,5.76266085356474,5.74822746962309,2020
6482,"Eddie Nketiah",17,405,2,2.02209869772196,1,0.74235487729311,12,8,0,0,"F S","Arsenal",2,2.02209869772196,2.07728036306798,0.220550492405891,2020
7230,"Emile Smith-Rowe",20,1456,2,1.59216000512242,4,3.62261926569045,13,27,0,0,"M S","Arsenal",2,1.59216000512242,9.53824841976166,5.6345059722662,2020
7752,"Gabriel Martinelli",14,581,2,3.25245047733188,1,1.74565090611577,20,9,0,0,"F M S","Arsenal",2,3.25245047733188,6.15971984341741,1.7565973456949,2020
204,"Granit Xhaka",31,2537,1,0.778853888623416,2,1.45966608077288,21,17,7,1,"D M S","Arsenal",1,0.778853888623416,13.898659452796,12.8500401806086,2020
492,"Héctor Bellerín",25,2098,1,0.860229812562466,2,2.17151243658736,15,21,8,0,"D S","Arsenal",1,0.860229812562466,8.05989222228527,6.26699581928551,2020
496,"Mohamed Elneny",23,1540,1,0.47561579849571,0,0.25694172270596,9,4,3,0,"M S","Arsenal",1,0.47561579849571,5.19576098397374,4.65116824954748,2020
700,"Willian",25,1413,1,1.83494763635099,5,3.59170971438289,20,32,0,0,"F M S","Arsenal",1,1.83494763635099,7.11016910150647,3.81557472795248,2020
1676,"David Luiz",20,1410,1,0.66956702619791,0,0.524025484919548,15,2,1,1,"D S","Arsenal",1,0.66956702619791,4.74953899160028,4.62900828197598,2020
2517,"Martin Odegaard",14,865,1,0.618739772588015,2,1.95588535442948,15,19,0,0,"M S","Arsenal",1,0.618739772588015,5.29723227769136,4.07070085406303,2020
8089,"Kieran Tierney",27,2305,1,0.386676630936563,3,3.82388925459236,15,31,4,0,"D S","Arsenal",1,0.386676630936563,8.63592890463769,5.6083911601454,2020
181,"Bernd Leno",35,3136,0,0,0,0,0,0,0,1,"GK","Arsenal",0,0,4.32660098001361,4.32660098001361,2020
342,"Sead Kolasinac",1,90,0,0,0,0,0,0,0,0,"D","Arsenal",0,0,0.429358035326004,0.429358035326004,2020
508,"Calum Chambers",10,750,0,0.363973163068295,2,1.04276460781693,8,11,0,0,"D S","Arsenal",0,0.363973163068295,3.83565637469292,2.81000484526157,2020
847,"Cédric Soares",10,746,0,0.203542727045715,1,0.892805434763432,7,6,1,0,"D S","Arsenal",0,0.203542727045715,3.33559839613736,2.91935707256198,2020
1699,"Shkodran Mustafi",3,43,0,0,0,0,0,0,0,0,"S","Arsenal",0,0,0.0647247657179832,0.0647247657179832,2020
1749,"Rob Holding",30,2548,0,0.733920931816101,1,0.200682777911425,14,4,2,0,"D S","Arsenal",0,0.733920931816101,7.40334759652615,7.16318783909082,2020
1750,"Ainsley Maitland-Niles",11,483,0,0.10147437825799,0,0.0814422946423292,2,2,0,0,"D S","Arsenal",0,0.10147437825799,2.40455133467913,2.24868066050112,2020
2328,"Thomas Partey",24,1543,0,1.15727663785219,2,1.12104472331703,26,12,5,0,"M S","Arsenal",0,1.15727663785219,7.27470352500677,5.83660459890962,2020
2385,"Mat Ryan",3,270,0,0,0,0.0603272691369057,0,1,0,0,"GK","Arsenal",0,0,0.428169630467892,0.428169630467892,2020
2446,"Dani Ceballos",25,1613,0,0.659257940948009,3,2.57897176779807,13,27,4,0,"M S","Arsenal",0,0.659257940948009,9.27582600712776,8.11663250625134,2020
6492,"Reiss Nelson",2,59,0,0.0569170899689198,0,0,1,0,0,0,"S","Arsenal",0,0.0569170899689198,0.348039735108614,0.291122645139694,2020
6630,"Joe Willock",7,229,0,0.242912005633116,0,0.0614990126341581,4,2,1,0,"M S","Arsenal",0,0.242912005633116,0.519342012703419,0.21493100002408,2020
6875,"Rúnar Alex Rúnarsson",1,11,0,0,0,0,0,0,0,0,"S","Arsenal",0,0,0,0,2020
8380,"Pablo Marí",10,900,0,0.0405227430164814,0,0.0542439483106136,2,1,2,0,"D","Arsenal",0,0.0405227430164814,3.60497458279133,3.59073807299137,2020
468,"Callum Wilson",26,2079,12,13.5900912508368,5,3.04630063101649,49,17,2,0,"F S","Newcastle United",8,10.5454158708453,14.2055929303169,1.05254519730806,2020
6630,"Joe Willock",14,986,8,4.84517777711153,0,0.67220214754343,19,8,0,0,"M S","Newcastle United",8,4.08400899916887,6.48772736266255,2.77279612515122,2020
87,"Joelinton",31,2006,4,5.63100220449269,2,2.36648145318031,43,17,3,0,"F M S","Newcastle United",3,4.86983336694539,9.268310604617,3.28495764918625,2020
7420,"Miguel Almirón",34,2458,4,3.50938187912107,1,3.13592535350472,33,31,3,0,"F M S","Newcastle United",4,3.50938187912107,9.29502422548831,3.89906711969525,2020
101,"Allan Saint-Maximin",25,1578,3,2.82591310888529,4,4.01332430820912,30,29,0,0,"F M S","Newcastle United",3,2.82591310888529,10.5947203226388,4.22400295548141,2020
766,"Jamaal Lascelles",19,1633,2,0.76535483263433,0,0.0668827779591084,16,2,4,0,"D","Newcastle United",2,0.76535483263433,2.60644985735416,2.34990772604942,2020
1746,"Jeff Hendrick",22,1436,2,1.10799379646778,1,1.43323009740561,10,6,1,1,"M S","Newcastle United",2,1.10799379646778,3.60564160346985,1.38669642899185,2020
6063,"Jacob Murphy",26,1611,2,1.49095268733799,3,3.43348887190223,30,19,3,0,"D M S","Newcastle United",2,1.49095268733799,8.04361419100314,4.10231579374522,2020
76,"Fabian Schär",18,1252,1,1.4605768583715,0,0,12,0,4,1,"D S","Newcastle United",0,0.699408020824194,0.955122675746679,0.873560842126608,2020
537,"Andy Carroll",18,369,1,0.60331684909761,0,0.0630198325961828,13,2,1,0,"F S","Newcastle United",1,0.60331684909761,0.989014841616154,0.542128044180572,2020
743,"Dwight Gayle",18,483,1,2.92979763448238,1,0.275555470958352,16,6,0,0,"F S","Newcastle United",1,2.92979763448238,3.03784181922674,0.514048237353563,2020
769,"Jonjo Shelvey",30,2617,1,2.45283839851618,3,2.62552472576499,42,37,7,0,"M S","Newcastle United",1,2.45283839851618,9.46352798119187,7.52588933706284,2020
853,"Paul Dummett",15,1254,1,0.444092333316803,0,0.229144894517958,3,4,2,0,"D S","Newcastle United",1,0.444092333316803,3.15980792418122,2.97862140461802,2020
875,"Ciaran Clark",22,1895,1,0.66220236197114,0,0.144389409571886,8,2,3,0,"D S","Newcastle United",1,0.66220236197114,2.86296115908772,2.86296115908772,2020
1545,"Emil Krafth",16,1297,1,0.150912437587976,0,0.434515152126551,7,6,4,0,"D S","Newcastle United",1,0.150912437587976,3.91090370155871,3.42704737558961,2020
461,"Matt Ritchie",18,1360,0,0.330100663006306,2,2.49234570935369,11,24,2,0,"D M S","Newcastle United",0,0.330100663006306,5.13052976131439,4.38347963988781,2020
708,"Federico Fernández",24,2090,0,0.193843107670546,0,0.568549118936062,4,7,4,0,"D","Newcastle United",0,0.193843107670546,3.30546978861094,3.21902511268854,2020
727,"DeAndre Yedlin",6,442,0,0.0998492855578661,0,0.0844329763203859,2,3,0,0,"D S","Newcastle United",0,0.0998492855578661,0.525703977793455,0.356639266014099,2020
780,"Karl Darlow",25,2250,0,0,0,0,0,0,2,0,"GK","Newcastle United",0,0,0.997432382777333,0.997432382777333,2020
1683,"Ryan Fraser",18,920,0,0.903079839423299,2,2.16852982342243,13,25,0,1,"F M S","Newcastle United",0,0.903079839423299,2.99426371976733,1.34221478085965,2020
1719,"Javier Manquillo",13,823,0,0.0231618583202362,0,0.297696754336357,1,5,1,0,"D S","Newcastle United",0,0.0231618583202362,1.43202797789127,1.11116935219616,2020
6062,"Isaac Hayden",24,1946,0,0.614846606738865,0,0.242496470920742,16,7,8,0,"D M S","Newcastle United",0,0.614846606738865,4.55647466890514,4.08918276615441,2020
6532,"Martin Dubravka",13,1170,0,0,0,0,0,0,0,0,"GK","Newcastle United",0,0,2.12024961132556,2.12024961132556,2020
7078,"Sean Longstaff",22,1391,0,0.826428820379078,1,0.940097607672215,15,13,2,0,"M S","Newcastle United",0,0.826428820379078,3.00058245752007,1.70706562977284,2020
7691,"Jamal Lewis",24,1824,0,0.119576625525951,1,0.989783523604274,3,14,4,0,"D S","Newcastle United",0,0.119576625525951,4.68864620104432,3.72776344418526,2020
8016,"Matthew Longstaff",5,376,0,0,0,0.313707895576954,0,2,0,0,"M S","Newcastle United",0,0,0.42248410731554,0.108776219189167,2020
9154,"Elliot Anderson",1,3,0,0,0,0,0,0,0,0,"S","Newcastle United",0,0,0,0,2020
1250,"Mohamed Salah",37,3085,22,20.2508466374129,5,6.52852610126138,126,55,0,0,"F M S","Liverpool",16,15.6838336382061,28.9682335481048,9.80023565515876,2020
838,"Sadio Mané",35,2805,11,14.8285477552563,7,7.78775485418737,94,61,3,0,"F M S","Liverpool",11,14.8285477552563,24.9989231973886,6.05765628255904,2020
482,"Roberto Firmino",36,2882,9,12.860213406384,7,6.11686339974403,83,44,2,0,"F M S","Liverpool",9,12.860213406384,25.2714577615261,10.1985501106828,2020
6854,"Diogo Jota",19,1114,9,7.05772053822875,0,1.76252107508481,46,12,2,0,"F M S","Liverpool",9,7.05772053822875,10.9729747027159,4.07609649188817,2020
771,"Georginio Wijnaldum",38,2961,2,2.81742679700255,0,1.66292185056955,31,21,1,0,"M S","Liverpool",2,2.81742679700255,13.922181812115,10.476276839152,2020
1791,"Trent Alexander-Arnold",36,3040,2,2.59305963013321,7,8.57636763527989,55,77,2,0,"D S","Liverpool",2,2.59305963013321,23.1078809686005,17.6489075710997,2020
229,"Thiago Alcántara",24,1865,1,1.21130619291216,0,2.55492161586881,22,30,4,0,"M S","Liverpool",1,1.21130619291216,11.15254942514,9.46828203462064,2020
332,"Joel Matip",10,701,1,0.78447537869215,2,1.18027547001839,5,3,2,0,"D S","Liverpool",1,0.78447537869215,4.38312844932079,4.38312844932079,2020
605,"Jordan Henderson",21,1710,1,1.13579757325351,1,1.48370856791735,14,14,0,0,"D M S","Liverpool",1,1.13579757325351,11.4943608045578,10.4613479301333,2020
833,"Virgil van Dijk",5,370,1,0.553382605314255,0,0,4,0,1,0,"D","Liverpool",1,0.553382605314255,1.40959425270557,1.2884346395731,2020
966,"Alex Oxlade-Chamberlain",13,238,1,0.300650961697102,1,0.301777504384518,8,2,0,0,"F M S","Liverpool",1,0.300650961697102,0.998663013800979,0.766684921458364,2020
1257,"Alisson",33,2970,1,0.107681758701801,0,0,1,0,1,0,"GK","Liverpool",1,0.107681758701801,3.55932520516217,3.55932520516217,2020
1688,"Andrew Robertson",38,3391,1,1.43793365731835,7,7.22049170918763,19,65,2,0,"D","Liverpool",1,1.43793365731835,19.8694818206131,15.435008822009,2020
6665,"Curtis Jones",24,1174,1,1.75889270938933,2,1.52114350907505,19,12,2,0,"M S","Liverpool",1,1.75889270938933,7.74286641180515,5.18287427350879,2020
8228,"Nathaniel Phillips",17,1451,1,1.02770886942744,1,0.916556781157851,15,7,2,0,"D S","Liverpool",1,1.02770886942744,4.32566111721098,4.15606533922255,2020
8239,"Takumi Minamino",9,276,1,1.26548091880977,0,0,7,0,0,0,"F M S","Liverpool",1,1.26548091880977,1.86920543760061,0.625978196039796,2020
484,"Divock Origi",9,176,0,1.08112129569054,0,0.140034886077046,7,2,0,0,"F S","Liverpool",0,1.08112129569054,1.49693458154798,0.782366218045354,2020
489,"James Milner",26,1037,0,0.356573801487684,1,0.790559528395534,12,13,3,0,"D M S","Liverpool",0,0.356573801487684,5.68504504673183,4.88525727298111,2020
527,"Adrián",3,270,0,0,0,0,0,0,0,0,"GK","Liverpool",0,0,0.397439435124397,0.397439435124397,2020
888,"Xherdan Shaqiri",14,534,0,0.424720536917448,2,2.51042007654905,11,19,2,0,"F M S","Liverpool",0,0.424720536917448,4.58573616296053,2.12292574904859,2020
987,"Joseph Gomez",7,594,0,0,0,0.0654292702674866,0,1,0,0,"D S","Liverpool",0,0,2.08542013168335,2.01999086141586,2020
3420,"Fabinho",30,2563,0,0.362489320337772,0,0.298061830922961,10,4,6,0,"D M S","Liverpool",0,0.362489320337772,11.8080262131989,11.5550050325692,2020
5247,"Naby Keita",10,525,0,0.393258880823851,0,0.912950992584229,9,6,1,0,"M S","Liverpool",0,0.393258880823851,3.59022104367614,2.32971419766545,2020
7376,"Ozan Kabak",9,807,0,0.086028166115284,0,0.0293869115412235,1,1,3,0,"D","Liverpool",0,0.086028166115284,1.86391173675656,1.86391173675656,2020
7904,"Caoimhin Kelleher",2,180,0,0,0,0,0,0,0,0,"GK","Liverpool",0,0,0.447926968336105,0.447926968336105,2020
8204,"Neco Williams",6,252,0,0.0862252078950405,0,0.193398714065552,2,3,1,0,"D S","Liverpool",0,0.0862252078950405,1.07464219257236,0.795018240809441,2020
8852,"Konstantinos Tsimikas",2,4,0,0,0,0,0,0,0,0,"S","Liverpool",0,0,0,0,2020
9086,"Rhys Williams",9,661,0,0.553240098059177,0,0.222205340862274,7,2,0,0,"D S","Liverpool",0,0.553240098059177,2.30601574480534,2.18716956675053,2020
314,"Ilkay Gündogan",28,2033,13,9.56688308063895,2,3.81621965579689,54,42,1,0,"M S","Manchester City",12,8.0445453459397,19.2868117317557,10.1483747363091,2020
618,"Raheem Sterling",31,2539,10,12.0506740137935,7,6.62870988622308,70,39,4,0,"F M S","Manchester City",10,11.2895051576197,25.8837251402438,12.173159353435,2020
750,"Riyad Mahrez",27,1961,9,6.23244518134743,6,6.08652514405549,58,45,0,0,"F M S","Manchester City",9,6.23244518134743,18.8463243339211,9.17080681957304,2020
5543,"Gabriel Jesus",29,2053,9,9.65335347130895,4,3.5496952617541,55,31,2,0,"F M S","Manchester City",9,9.65335347130895,17.8784965611994,6.23364815860987,2020
6055,"Phil Foden",28,1606,9,6.08339344337583,5,4.74928136542439,45,36,0,0,"F M S","Manchester City",9,6.08339344337583,13.835039447993,5.48651236668229,2020
6441,"Ferrán Torres",24,1305,7,5.72870762925595,2,2.20242599211633,36,18,1,0,"F M S","Manchester City",7,5.72870762925595,10.0029960386455,2.95836201123893,2020
447,"Kevin De Bruyne",25,2008,6,9.98343913257122,12,10.9582067001611,81,79,1,0,"M S","Manchester City",4,7.69993252307177,22.5168929994106,11.2971332743764,2020
586,"John Stones",22,1933,4,2.50129867345095,0,0.04683952126652,15,2,0,1,"D","Manchester City",4,2.50129867345095,10.3881796598434,10.2885105609894,2020
619,"Sergio Agüero",12,556,4,3.71651856228709,1,1.31565978750587,19,7,0,0,"F M S","Manchester City",3,2.19418087881058,4.1585699878633,1.28317135199904,2020
2379,"João Cancelo",28,2309,2,1.86563602462411,3,5.17764012608677,35,45,5,1,"D M S","Manchester City",2,1.86563602462411,18.1057261824608,14.480545476079,2020
2496,"Rodri",34,2751,2,2.65990332420915,2,2.33538256026804,32,33,6,0,"M S","Manchester City",1,1.89873446617275,20.8573195114732,18.9658208861947,2020
3389,"Benjamin Mendy",13,955,2,0.334140891209245,1,0.301439743489027,6,5,2,0,"D M S","Manchester City",2,0.334140891209245,2.76913680136204,2.34860251098871,2020
3635,"Bernardo Silva",26,2080,2,3.59881341829896,6,4.82338974066079,28,27,5,0,"F M S","Manchester City",2,3.59881341829896,17.1123897973448,10.6535213645548,2020
579,"Nathan Aké",10,802,1,0.505318071693182,0,0.0172293335199356,3,1,4,0,"D S","Manchester City",1,0.505318071693182,4.21125871688128,4.19402938336134,2020
638,"Kyle Walker",24,1944,1,0.204404906369746,1,0.499786233529449,10,8,1,0,"D S","Manchester City",1,0.204404906369746,10.6042178608477,10.2064464241266,2020
8961,"Rúben Dias",32,2848,1,1.9530213214457,0,0.105596100911498,14,3,4,0,"D","Manchester City",1,1.9530213214457,16.6818012371659,16.5601067021489,2020
614,"Fernandinho",21,1170,0,0.815081934444606,2,1.5401164283976,14,14,6,0,"M S","Manchester City",0,0.815081934444606,8.77691648900509,7.83177714794874,2020
2498,"Aymeric Laporte",16,1335,0,0.84233994781971,0,0.577895380556583,6,5,1,0,"D S","Manchester City",0,0.84233994781971,6.24381018429995,6.24381018429995,2020
2958,"Oleksandr Zinchenko",20,1473,0,0.660659280605614,0,1.08549909852445,16,15,0,0,"D M S","Manchester City",0,0.660659280605614,9.49437602981925,8.71850981190801,2020
6054,"Ederson",36,3240,0,0,1,0.30335807800293,0,1,3,0,"GK","Manchester City",0,0,7.62985109910369,7.3264930434525,2020
7817,"Zack Steffen",1,90,0,0,0,0,0,0,0,0,"GK","Manchester City",0,0,0.349734753370285,0.349734753370285,2020
8045,"Eric Garcia",6,378,0,0.0746366232633591,0,0.00832298770546913,2,1,0,0,"D S","Manchester City",0,0.0746366232633591,0.859475947916508,0.784839309751987,2020
8158,"Scott Carson",1,90,0,0,0,0,0,0,0,0,"GK","Manchester City",0,0,0,0,2020
8868,"Liam Delap",1,39,0,0.0640851706266403,0,0,1,0,0,0,"S","Manchester City",0,0.0640851706266403,0.0640851706266403,0,2020
1228,"Bruno Fernandes",37,3117,18,16.0194544615224,12,11.4749959781766,121,95,6,0,"M S","Manchester United",9,8.40783962700516,26.9114123787731,11.9322848711163,2020
556,"Marcus Rashford",37,2941,11,9.57970999181271,9,4.18512211553752,79,44,4,0,"F M S","Manchester United",11,9.57970999181271,20.4419101625681,8.92720755748451,2020
3294,"Edinson Cavani",26,1355,10,8.60323172062635,3,2.31724351458251,34,14,4,0,"F S","Manchester United",10,8.60323172062635,12.2591873854399,2.73064516671002,2020
7490,"Mason Greenwood",31,1825,7,6.97574803605676,2,2.42789980955422,67,14,2,0,"F M S","Manchester United",7,6.97574803605676,14.0318327564746,5.95405894517899,2020
553,"Anthony Martial",22,1494,4,7.40565116517246,3,2.61980296019465,42,17,0,1,"F M S","Manchester United",4,7.40565116517246,11.8148130178452,3.31950533017516,2020
5560,"Scott McTominay",32,2121,4,1.84774400480092,1,2.11461328715086,26,17,3,0,"M S","Manchester United",4,1.84774400480092,10.9122941866517,7.90480994060636,2020
1740,"Paul Pogba",26,1893,3,2.98820284567773,3,2.06686300225556,31,24,3,0,"M S","Manchester United",3,2.98820284567773,11.6914734095335,7.44420539587736,2020
5595,"Daniel James",15,920,3,2.31242325156927,1,1.32861328683794,17,10,3,0,"M S","Manchester United",3,2.31242325156927,5.2411033064127,2.1443817038089,2020
1687,"Harry Maguire",34,3049,2,1.48433671984822,1,0.290943004190922,36,7,11,0,"D","Manchester United",2,1.48433671984822,13.1270038969815,13.0183471031487,2020
5584,"Aaron Wan-Bissaka",34,3060,2,0.932453950867057,4,2.54766325466335,7,31,3,0,"D","Manchester United",2,0.932453950867057,12.2421227768064,9.6762745436281,2020
554,"Juan Mata",9,518,1,1.0727029107511,2,0.722595326602459,5,8,0,0,"M S","Manchester United",0,0.311534073203802,3.03691941127181,2.18731142766774,2020
1006,"Luke Shaw",32,2659,1,0.693125115707517,5,6.47194494493306,11,72,8,0,"D S","Manchester United",1,0.693125115707517,12.844046253711,10.0962319523096,2020
6080,"Victor Lindelöf",29,2587,1,0.798889450728893,1,0.402378618717194,4,6,0,0,"D","Manchester United",1,0.798889450728893,9.03032280132174,8.88187627028674,2020
6817,"Fred",30,2404,1,1.73316526319832,0,2.23257135413587,25,24,5,0,"M S","Manchester United",1,1.73316526319832,13.5197052247822,10.6886389367282,2020
8821,"Donny van de Beek",19,486,1,0.294728725217283,1,1.04338756948709,2,3,1,0,"M S","Manchester United",1,0.294728725217283,3.54660013690591,2.20848381519318,2020
9524,"Anthony Elanga",2,157,1,0.551871359348297,0,0.0207255706191063,2,1,0,0,"F M","Manchester United",1,0.551871359348297,0.842046082019806,0.821320533752441,2020
546,"David de Gea",26,2298,0,0,0,0,0,0,0,0,"GK","Manchester United",0,0,2.11324946023524,2.11324946023524,2020
549,"Timothy Fosu-Mensah",1,85,0,0.0154492985457182,0,0.305152416229248,1,2,1,0,"D","Manchester United",0,0.0154492985457182,0.401905119419098,0.3608218729496,2020
573,"Odion Ighalo",1,5,0,0,0,0,0,0,0,0,"S","Manchester United",0,0,0,0,2020
697,"Nemanja Matic",20,1099,0,0.164785826578736,0,0.893835068680346,6,8,2,0,"M S","Manchester United",0,0.164785826578736,6.13336054235697,5.51058554835618,2020
934,"Axel Tuanzebe",9,401,0,0,0,0,0,0,2,0,"D S","Manchester United",0,0,1.07836183905602,1.07836183905602,2020
1739,"Eric Bailly",12,916,0,0.0808225758373737,0,0,2,0,3,0,"D S","Manchester United",0,0.0808225758373737,1.79678142815828,1.79678142815828,2020
1828,"Alex Telles",9,696,0,0.14523464627564,2,0.784950956702232,5,12,0,0,"D S","Manchester United",0,0.14523464627564,3.62606847286224,3.52472054958344,2020
7702,"Dean Henderson",13,1122,0,0,0,0,0,0,3,0,"GK S","Manchester United",0,0,1.28117989376187,1.28117989376187,2020
8075,"Brandon Williams",4,185,0,0.269449174404144,0,0.0312060713768005,1,1,0,0,"D S","Manchester United",0,0.269449174404144,1.07824701070786,0.808797895908356,2020
8127,"Amad Diallo Traore",3,172,0,0.0358978174626827,1,0.423181027173996,1,2,0,0,"M S","Manchester United",0,0.0358978174626827,0.871933966875076,0.412855118513107,2020
9359,"Shola Shoretire",2,4,0,0,0,0,0,0,0,0,"S","Manchester United",0,0,0,0,2020
9557,"William Fish",1,1,0,0,0,0,0,0,0,0,"S","Manchester United",0,0,0,0,2020
9558,"Hannibal Mejbri",1,3,0,0,0,0,0,0,0,0,"S","Manchester United",0,0,0,0,2020
4456,"Chris Wood",33,2765,12,12.9541354253888,3,2.03811838850379,70,23,0,0,"F S","Burnley",10,11.4317976906896,13.5852815248072,2.14985175989568,2020
669,"Ashley Westwood",38,3412,3,1.00599031709135,3,6.5341502726078,19,52,7,0,"M","Burnley",3,1.00599031709135,10.0281617324799,6.3047980973497,2020
1017,"Matej Vydra",28,1363,3,5.37327283248305,2,2.1183407343924,35,14,0,0,"F S","Burnley",3,5.37327283248305,6.42585745453835,1.04720401018858,2020
4422,"Ashley Barnes",22,1342,3,3.87406623736024,0,0.800547515042126,38,19,4,0,"F M S","Burnley",2,3.11289737001061,4.19031529314816,1.19862917624414,2020
1654,"Ben Mee",30,2695,2,1.61941554490477,0,0.80520352628082,22,7,3,0,"D","Burnley",2,1.61941554490477,2.11828159261495,2.01590633392334,2020
1663,"Johann Berg Gudmundsson",22,1369,2,1.5335700865835,0,0.959504343569279,19,10,2,0,"M S","Burnley",2,1.5335700865835,3.61388526856899,1.32550444733351,2020
6756,"Dwight McNeil",36,3075,2,1.08068477362394,5,5.47700681723654,27,47,1,0,"M S","Burnley",2,1.08068477362394,6.94860322959721,3.60681243799627,2020
789,"Robbie Brady",19,1061,1,0.783097520470619,1,0.908582329750061,16,7,3,0,"M S","Burnley",1,0.783097520470619,2.6775898784399,1.53091401606798,2020
844,"Jay Rodriguez",31,1237,1,2.97703323327005,2,1.21091924607754,31,6,3,0,"F M S","Burnley",1,2.97703323327005,4.23158396687359,0.913431627675891,2020
1652,"Matthew Lowton",34,3060,1,0.759485324844718,1,2.77225545048714,21,26,5,0,"D","Burnley",1,0.759485324844718,6.36665876954794,3.57944263610989,2020
1665,"James Tarkowski",36,3240,1,3.0608748504892,0,0.944150917232037,23,12,6,0,"D","Burnley",1,3.0608748504892,3.07371913548559,2.88565258402377,2020
8481,"Jimmy Dunne",3,270,1,0.419106755405664,0,0.102000314742327,7,2,1,0,"D","Burnley",1,0.419106755405664,0.104439100250602,0.0430356580764055,2020
712,"Jack Cork",16,1355,0,0.197326747700572,0,0.330526791512966,5,8,2,0,"M S","Burnley",0,0.197326747700572,2.81454800628126,2.49865918233991,2020
857,"Phil Bardsley",4,272,0,0.0634145140647888,0,0,3,0,2,0,"D S","Burnley",0,0.0634145140647888,0.126693982630968,0.101605270057917,2020
887,"Erik Pieters",20,1259,0,0.151167927309871,1,0.363615959882736,4,5,1,0,"D M S","Burnley",0,0.151167927309871,1.93288674391806,1.55271435528994,2020
1747,"Kevin Long",8,635,0,0.610003367066383,0,0.0173680447041988,2,1,2,0,"D S","Burnley",0,0.610003367066383,0.502235908061266,0.502235908061266,2020
5552,"Nick Pope",32,2880,0,0,0,0.0860504880547523,0,2,1,0,"GK","Burnley",0,0,1.17793513089418,1.09188464283943,2020
6044,"Charlie Taylor",29,2430,0,0.114516081288457,1,1.59035984426737,3,12,1,0,"D S","Burnley",0,0.114516081288457,4.60969574004412,4.19346784055233,2020
6051,"Dale Stephens",7,258,0,0.0822692383080721,0,0,3,0,1,0,"M S","Burnley",0,0.0822692383080721,0.241248898208141,0.158979658037424,2020
7383,"Josh Benson",6,257,0,0.204414114356041,0,0,2,0,0,0,"M S","Burnley",0,0.204414114356041,0.157301347702742,0.132469598203897,2020
7459,"Will Norris",2,180,0,0,0,0.0476219616830349,0,1,0,0,"GK","Burnley",0,0,0.0933512076735497,0.0457292459905148,2020
8323,"Josh Brownhill",33,2818,0,1.51822168938816,1,0.882493967190385,34,19,2,0,"M S","Burnley",0,1.51822168938816,5.99607403203845,4.79027808643878,2020
8482,"Bailey Peacock-Farrell",4,360,0,0,0,0,0,0,0,0,"GK","Burnley",0,0,0.00773092359304428,0.00773092359304428,2020
8566,"Joel Mumbongo",4,33,0,0,0,0,0,0,1,0,"S","Burnley",0,0,0,0,2020
9082,"Lewis Richardson",2,2,0,0,0,0,0,0,0,0,"S","Burnley",0,0,0,0,2020
3621,"Neal Maupay",33,2526,8,13.7735345065594,2,4.27740788087249,71,32,1,1,"F M S","Brighton",5,10.72893274948,17.1575391590595,3.38178476504982,2020
501,"Danny Welbeck",24,1551,6,7.38038153201342,1,3.23136685043573,35,22,0,0,"F M S","Brighton",6,6.61924947053194,10.2656665164977,1.47651263698936,2020
6048,"Lewis Dunk",33,2934,5,2.70907625090331,0,0.830638368614018,32,10,5,2,"D","Brighton",5,2.70907625090331,8.37622983753681,7.9714419990778,2020
7698,"Leandro Trossard",35,2647,5,5.41275638900697,5,5.39841623418033,58,51,2,0,"F M S","Brighton",5,5.41275638900697,15.9989345166832,7.63156213611364,2020
239,"Pascal Groß",34,2469,3,5.0105257704854,8,5.36829012539238,32,69,3,0,"D M S","Brighton",0,1.96588719263673,10.4044194072485,6.73229514434934,2020
6049,"Solly March",21,1684,2,1.78360199555755,1,1.67881984077394,22,27,0,0,"D M S","Brighton",2,1.78360199555755,8.32211030647159,5.68054904974997,2020
7991,"Aaron Connolly",17,799,2,4.46413713134825,1,0.160783851519227,23,6,0,0,"F M S","Brighton",2,4.46413713134825,4.78349169157445,0.191225428134203,2020
486,"Adam Lallana",30,1572,1,1.61430590413511,1,2.62875756621361,22,25,0,0,"F M S","Brighton",1,1.61430590413511,9.71997011825442,5.87430487200618,2020
5609,"Yves Bissouma",36,3121,1,1.07682322058827,0,1.08123247511685,42,16,8,1,"M S","Brighton",1,1.07682322058827,9.73985450342298,8.21050680615008,2020
7382,"Dan Burn",27,2059,1,1.07817005645484,0,0.977860434912145,17,10,5,0,"D M S","Brighton",1,1.07817005645484,4.97881827130914,4.17619202286005,2020
7699,"Adam Webster",29,2596,1,1.27295709960163,0,0.253215601667762,25,5,4,0,"D","Brighton",1,1.27295709960163,7.72467703744769,7.58241430483758,2020
8020,"Steven Alzate",15,905,1,0.834035240113735,0,0.922801554203033,7,11,2,0,"D M S","Brighton",1,0.834035240113735,3.51955856196582,2.38669184967875,2020
8226,"Tariq Lamptey",11,904,1,0.703003909438848,1,0.808980971574783,6,10,2,1,"D M","Brighton",1,0.703003909438848,4.56888932734728,3.69158826768398,2020
8379,"Alexis Mac Allister",21,1110,1,1.35314060654491,1,1.87086849473417,24,15,1,0,"F M S","Brighton",1,1.35314060654491,5.65509324893355,3.26666231732816,2020
8780,"Joël Veltman",28,2281,1,1.2756177727133,1,1.84621881879866,14,22,3,0,"D M S","Brighton",1,1.2756177727133,9.02253061719239,6.80067458190024,2020
2385,"Mat Ryan",11,990,0,0,0,0,0,0,1,0,"GK","Brighton",0,0,1.22801473364234,1.22801473364234,2020
5245,"Bernardo",3,201,0,0.317667782306671,0,0.173650652170181,4,2,0,0,"D M S","Brighton",0,0.317667782306671,0.273300021886826,0.0921647250652313,2020
6050,"Davy Pröpper",7,201,0,0.138562518171966,0,0,4,0,0,0,"M S","Brighton",0,0.138562518171966,0.269949413836002,0.194228075444698,2020
6231,"José Izquierdo",1,7,0,0.0168067831546068,0,0,1,0,0,0,"S","Brighton",0,0.0168067831546068,0.0666134878993034,0.0498067028820515,2020
6350,"Jayson Molumby",1,1,0,0,0,0,0,0,0,0,"S","Brighton",0,0,0,0,2020
6842,"Alireza Jahanbakhsh",21,512,0,1.87321941740811,1,3.23429659754038,18,10,3,0,"D F M S","Brighton",0,1.87321941740811,5.38956917636096,2.52194894105196,2020
7298,"Ben White",36,3208,0,0.479218181222677,0,0.943232408724725,10,8,3,1,"D M","Brighton",0,0.479218181222677,8.34860541671515,7.90771539509296,2020
9098,"Robert Sánchez",27,2430,0,0,0,0.0256149489432573,0,1,2,0,"GK","Brighton",0,0,3.14813047647476,3.12251552939415,2020
9099,"Andi Zeqiri",9,138,0,1.02594758942723,0,0.112493097782135,7,1,0,0,"S","Brighton",0,1.02594758942723,0.829777382314205,0.485275536775589,2020
9249,"Percy Tau",3,100,0,0,1,0.367365401238203,0,3,0,0,"M S","Brighton",0,0,0.442519053816795,0.085826731286943,2020
9250,"Reda Khadra",1,3,0,0,0,0,0,0,0,0,"S","Brighton",0,0,0,0,2020
9284,"Jakub Moder",12,643,0,0.916810747236013,0,0.205124169588089,13,3,0,0,"D M S","Brighton",0,0.916810747236013,1.8570123128593,1.18626119196415,2020
6827,"Bobby Reid",33,2394,5,4.26985153276473,2,1.30970071069896,34,14,7,0,"D F M S","Fulham",5,4.26985153276473,8.20264535862952,3.1313844807446,2020
5556,"Ademola Lookman",34,2765,4,6.25111600849777,4,5.25840737298131,69,61,5,0,"F M S","Fulham",4,5.48994714114815,15.3552201017737,7.33415941521525,2020
773,"Aleksandar Mitrovic",27,1369,3,5.6773629989475,3,2.92471115477383,59,23,3,0,"F S","Fulham",2,4.15502530895174,7.808299113065,1.84948212280869,2020
3683,"Ivan Cavaleiro",36,2477,3,5.54866668954492,0,2.68047393579036,47,42,2,0,"D F M S","Fulham",2,4.02632896974683,8.24088643863797,2.85673010163009,2020
5587,"Josh Maja",15,809,3,4.91805338859558,0,0.742830269038677,21,7,0,0,"F S","Fulham",2,4.15688455104828,4.44902119785547,0.645543973892927,2020
725,"Ola Aina",31,2683,2,0.847976466175169,1,1.55272796563804,14,15,3,0,"D M","Fulham",2,0.847976466175169,6.77314535202459,6.12046725302935,2020
688,"Ruben Loftus-Cheek",30,1923,1,3.33000873215497,0,1.24457793310285,35,17,3,0,"F M S","Fulham",1,3.33000873215497,7.59500062093139,3.72742426767945,2020
1299,"Mario Lemina",28,1706,1,1.24365776591003,0,1.12612680532038,19,12,5,0,"D M S","Fulham",1,1.24365776591003,4.95315510220826,3.29495866596699,2020
6314,"Joachim Andersen",31,2732,1,1.35678622499108,1,0.451680341735482,13,8,7,1,"D S","Fulham",1,1.35678622499108,6.67385802883655,6.54764162469655,2020
6834,"Joe Bryan",16,658,1,0.581356586888433,0,0.272694402374327,8,5,2,0,"D M S","Fulham",1,0.581356586888433,1.89918455481529,1.30065982788801,2020
6835,"Tom Cairney",10,762,1,0.583964585326612,1,0.988852445036173,12,17,2,0,"M S","Fulham",1,0.583964585326612,3.3855622112751,2.84990703873336,2020
9501,"Fabio Carvalho",4,255,1,0.997431427240372,0,0.500209838151932,9,2,0,0,"F M S","Fulham",1,0.997431427240372,1.49610686302185,0.2862688601017,2020
661,"Josh Onomah",11,368,0,0.556196074001491,0,0.0329759269952774,6,1,1,0,"M S","Fulham",0,0.556196074001491,1.3664658088237,0.878203714266419,2020
910,"Harrison Reed",31,2254,0,0.290977719239891,2,1.69452314078808,13,21,5,0,"M S","Fulham",0,0.290977719239891,7.14201727043837,6.30845245439559,2020
2310,"Alphonse Areola",36,3240,0,0,0,0,0,0,2,0,"GK","Fulham",0,0,3.555330414325,3.555330414325,2020
3304,"Maxime Le Marchand",2,118,0,0.00950632989406586,0,0,1,0,2,0,"D S","Fulham",0,0.00950632989406586,0.246916547417641,0.246916547417641,2020
4866,"Aboubakar Kamara",11,303,0,0.654920237138867,0,0.328968979418278,4,6,1,1,"F M S","Fulham",0,0.654920237138867,1.10321487113833,0.182326192036271,2020
5274,"Michael Hector",4,266,0,0.0863973423838615,0,0.0194981582462788,1,1,2,0,"D S","Fulham",0,0.0863973423838615,0.465373404324055,0.445875264704227,2020
5590,"Tosin Adarabioyo",33,2955,0,1.56073134113103,0,0.308730263262987,18,5,1,0,"D","Fulham",0,1.56073134113103,5.66625925246626,5.60797176603228,2020
5973,"Kenny Tete",22,1483,0,0.211126351729035,1,0.906548451632261,7,19,3,0,"D S","Fulham",0,0.211126351729035,3.74392077699304,2.75557068549097,2020
6067,"Terence Kongolo",1,90,0,0,0,0,0,0,0,0,"D","Fulham",0,0,0.373576939105988,0.373576939105988,2020
6434,"Franck Zambo",36,2582,0,1.43854648526758,3,2.3011150341481,34,28,6,0,"M S","Fulham",0,1.43854648526758,8.76674393285066,6.62408667337149,2020
6840,"Neeskens Kebano",5,112,0,0.272429854609072,0,0,6,0,0,0,"M S","Fulham",0,0.272429854609072,0.241671652533114,0.0205275118350983,2020
7077,"Denis Odoi",3,270,0,0.040025670081377,0,0.0501923933625221,2,1,1,0,"D","Fulham",0,0.040025670081377,0.425706140697002,0.385680474340916,2020
7184,"Tim Ream",7,630,0,0,0,0,0,0,0,0,"D","Fulham",0,0,0.808804966509342,0.808804966509342,2020
8704,"Marek Rodák",2,180,0,0,0,0,0,0,0,0,"GK","Fulham",0,0,0.0205275118350983,0.0205275118350983,2020
8940,"Antonee Robinson",28,2158,0,0.467749074101448,0,2.032745026052,10,29,4,1,"D M S","Fulham",0,0.467749074101448,7.8029512334615,6.39604422356933,2020
9552,"Tyrese Francois",1,13,0,0,0,0,0,0,0,0,"S","Fulham",0,0,0,0,2020
6382,"Pedro Neto",31,2570,5,5.49499564059079,6,5.7382680978626,62,61,4,0,"F M S","Wolverhampton Wanderers",5,5.49499564059079,11.5166616812348,4.2069352529943,2020
6853,"Rúben Neves",36,2681,5,4.74408277496696,1,2.06117284763604,67,33,7,0,"M S","Wolverhampton Wanderers",2,2.46057625673711,6.99586966820061,4.67397168744355,2020
4105,"Raúl Jiménez",10,824,4,2.36090968549252,0,0.632962502539158,26,6,0,0,"F","Wolverhampton Wanderers",4,2.36090968549252,3.68407626077533,1.2332111839205,2020
8778,"Fabio Silva",32,1341,4,6.13615732640028,3,1.16842453181744,48,11,2,0,"F S","Wolverhampton Wanderers",3,5.37498849630356,5.08780832588673,1.08275367878377,2020
3491,"Romain Saiss",27,2409,3,3.1691414816305,0,0.669350540265441,28,5,2,0,"D","Wolverhampton Wanderers",3,3.1691414816305,4.75117729604244,3.91227668803185,2020
8291,"Daniel Podence",24,1718,3,2.74437787570059,2,1.83943278342485,32,21,3,0,"F M S","Wolverhampton Wanderers",3,2.74437787570059,6.7251026853919,2.91088134422898,2020
900,"Adama Traoré",37,2630,2,2.07615418173373,2,5.27167132031173,43,55,4,0,"D F M S","Wolverhampton Wanderers",2,2.07615418173373,9.47509304527193,3.00639807060361,2020
2361,"Willian José",17,1123,1,1.42927325889468,0,1.27110530342907,19,12,0,0,"F S","Wolverhampton Wanderers",1,1.42927325889468,2.07121494412422,0.719258956611156,2020
3422,"João Moutinho",33,2546,1,0.50277541577816,1,1.67684013955295,14,46,3,1,"M S","Wolverhampton Wanderers",1,0.50277541577816,7.0284981392324,6.23023014422506,2020
6163,"Nélson Semedo",34,2994,1,1.30973681248724,1,0.902799193747342,23,20,5,0,"D M","Wolverhampton Wanderers",1,1.30973681248724,7.68634901288897,6.1962723126635,2020
6674,"Rayan Ait Nouri",21,1414,1,0.51216649543494,1,0.790438717231154,16,14,1,0,"D M S","Wolverhampton Wanderers",1,0.51216649543494,2.72872272878885,2.28505376819521,2020
6850,"Willy Boly",21,1880,1,1.13018581178039,1,0.551295422017574,15,3,2,0,"D","Wolverhampton Wanderers",1,1.13018581178039,2.83823703229427,2.66316638886929,2020
6851,"Conor Coady",37,3305,1,1.44502964895219,0,0.196238301694393,7,3,5,0,"D","Wolverhampton Wanderers",1,1.44502964895219,5.04320290405303,4.87485118303448,2020
6857,"Morgan Gibbs-White",11,395,1,0.814298890531063,0,0.406943790614605,10,8,1,0,"F M S","Wolverhampton Wanderers",1,0.814298890531063,1.7168077994138,0.831462256610394,2020
7236,"Leander Dendoncker",33,2500,1,3.38159868028015,0,0.581333028152585,31,17,4,0,"D M S","Wolverhampton Wanderers",1,3.38159868028015,8.1774801146239,5.36324367113411,2020
785,"John Ruddy",2,91,0,0,0,0,0,0,0,0,"GK S","Wolverhampton Wanderers",0,0,0,0,2020
2280,"Jonny",7,505,0,0.0517046526074409,0,0.0509008131921291,1,2,0,0,"D","Wolverhampton Wanderers",0,0.0517046526074409,0.333493878133595,0.230888421647251,2020
4918,"Patrick Cutrone",2,21,0,0.0714575052261353,0,0,1,0,0,0,"S","Wolverhampton Wanderers",0,0.0714575052261353,0.0714575052261353,0,2020
5708,"Fernando Marçal",13,611,0,0.0745545458048582,0,0.139807261526585,2,4,2,0,"D M S","Wolverhampton Wanderers",0,0.0745545458048582,2.07963196747005,1.90030164644122,2020
6849,"Rui Patrício",37,3330,0,0,0,0,0,0,1,0,"GK","Wolverhampton Wanderers",0,0,1.22728666104376,1.22728666104376,2020
6856,"Rúben Vinagre",2,173,0,0,0,0,0,0,0,0,"D S","Wolverhampton Wanderers",0,0,0.178746618330479,0.178746618330479,2020
7332,"Max Kilman",18,1291,0,0.308016365393996,1,0.313057869672775,6,5,4,0,"D S","Wolverhampton Wanderers",0,0.308016365393996,2.02952430397272,1.83522782474756,2020
8180,"Owen Otasowie",6,186,0,0.745342324487865,1,0.388768583536148,4,2,1,0,"M S","Wolverhampton Wanderers",0,0.745342324487865,1.38275361713022,0.301533144898713,2020
8227,"Oskar Buur",1,20,0,0,0,0,0,0,0,0,"S","Wolverhampton Wanderers",0,0,0,0,2020
8351,"Ki-Jana Hoever",12,568,0,0.0574560351669788,0,0.184252966195345,1,3,1,0,"D S","Wolverhampton Wanderers",0,0.0574560351669788,1.22254403308034,1.02093799039721,2020
8777,"Vitinha",19,500,0,0.664911379106343,1,0.720134935341775,8,12,0,0,"M S","Wolverhampton Wanderers",0,0.664911379106343,1.94569485448301,1.47734365426004,2020
9209,"Theo Corbeanu",1,7,0,0,0,0.0234698224812746,0,1,0,0,"S","Wolverhampton Wanderers",0,0,0.0234698224812746,0,2020
7711,"David McGoldrick",35,2409,8,7.60575222596526,1,1.11661896109581,71,17,7,0,"F M S","Sheffield United",8,7.60575222596526,9.95073922723532,3.25369706843048,2020
7712,"Billy Sharp",16,723,3,2.98307689838111,0,0.583278212696314,9,4,1,0,"F S","Sheffield United",1,1.46073922328651,2.65069946832955,0.664895350113511,2020
9205,"Jayden Bogle",16,1109,2,1.91501962393522,0,0.208553841337562,17,4,2,0,"D M S","Sheffield United",2,1.91501962393522,2.6687011346221,1.36564530804753,2020
1736,"Oliver McBurnie",23,1306,1,3.55299331247807,0,1.05426558107138,30,15,2,0,"F S","Sheffield United",1,3.55299331247807,6.10723076201975,2.60192177258432,2020
5256,"Oliver Burke",25,1272,1,2.60376129671931,1,2.62045184336603,25,15,2,0,"F S","Sheffield United",1,2.60376129671931,6.11954130604863,1.0531202442944,2020
7714,"Ben Osborn",24,1607,1,1.09072609618306,0,2.52201476506889,10,17,1,0,"D F M S","Sheffield United",1,1.09072609618306,6.37175121158361,4.42230944894254,2020
8285,"Sander Berge",15,1116,1,1.21641658432782,1,1.77733051776886,10,14,4,0,"M S","Sheffield United",0,0.455247761681676,3.90675840526819,3.06642808765173,2020
9163,"Kean Bryan",13,1012,1,0.535491641610861,0,0.819474387913942,3,4,1,0,"D S","Sheffield United",1,0.535491641610861,1.42837126925588,1.38575964793563,2020
9509,"Daniel Jebbison",4,286,1,1.48399367928505,0,0.0235630199313164,4,1,0,0,"F S","Sheffield United",1,1.48399367928505,1.90165920369327,0.394102497026324,2020
587,"Phil Jagielka",10,526,0,0,0,0,0,0,1,1,"D S","Sheffield United",0,0,0.907246425747871,0.907246425747871,2020
1748,"Lys Mousset",11,284,0,0.842632092535496,0,0.437188886106014,4,3,0,0,"F S","Sheffield United",0,0.842632092535496,1.54030769318342,0.260486766695976,2020
5569,"Rhian Brewster",27,1102,0,1.9326180210337,0,1.76662879250944,25,11,1,0,"F M S","Sheffield United",0,1.9326180210337,3.98929298389703,0.724409130401909,2020
5603,"Aaron Ramsdale",38,3420,0,0,0,0.0776716265827417,0,2,1,0,"GK","Sheffield United",0,0,2.89968745969236,2.82201584242284,2020
6369,"Ethan Ampadu",25,2095,0,0.194453001022339,0,0.983016008511186,7,11,3,0,"D M S","Sheffield United",0,0.194453001022339,3.26227830350399,2.99917006678879,2020
7703,"John Egan",31,2628,0,0.491248181089759,1,0.618604958057404,14,3,7,1,"D S","Sheffield United",0,0.491248181089759,4.38704073801637,3.74502813257277,2020
7704,"Chris Basham",31,2602,0,0.619566727429628,1,1.06653658300638,10,12,5,0,"D M","Sheffield United",0,0.619566727429628,7.36829383857548,6.05364936590195,2020
7705,"Jack O&#039;Connell",2,180,0,0,0,0,0,0,0,0,"D","Sheffield United",0,0,0,0,2020
7706,"George Baldock",32,2787,0,1.33141124807298,2,2.63258942961693,14,18,7,0,"D","Sheffield United",0,1.33141124807298,6.61817004717886,4.46950833126903,2020
7707,"Enda Stevens",30,2700,0,1.4472226575017,1,1.60973856784403,16,17,6,0,"D M","Sheffield United",0,1.4472226575017,8.22920657880604,6.43009548634291,2020
7708,"John Lundstram",28,2034,0,1.87577387690544,2,1.45990244299173,20,20,8,1,"M S","Sheffield United",0,1.11460503935814,7.16921108588576,5.25882259570062,2020
7709,"John Fleck",31,2576,0,0.503157536499202,2,2.39170145150274,17,33,4,0,"M S","Sheffield United",0,0.503157536499202,6.4353836774826,4.76117644645274,2020
7710,"Oliver Norwood",32,2239,0,0.430055530741811,0,1.26629189401865,11,32,6,0,"M S","Sheffield United",0,0.430055530741811,5.09591132774949,4.40365220047534,2020
8286,"Jack Robinson",11,879,0,0.696397168561816,1,0.671254515647888,6,1,3,0,"D S","Sheffield United",0,0.696397168561816,1.9710005428642,1.94566071778536,2020
8918,"Max Lowe",8,554,0,0.0867581162601709,0,0.187498435378075,2,2,1,0,"D S","Sheffield United",0,0.0867581162601709,1.30474665015936,1.03049010783434,2020
9222,"Antwoine Hackford",1,4,0,0.103444665670395,0,0,1,0,0,0,"S","Sheffield United",0,0.103444665670395,0.111830987036228,0.00838632229715586,2020
9307,"Iliman Ndiaye",1,10,0,0,0,0,0,0,0,0,"S","Sheffield United",0,0,0,0,2020
9540,"Femi Seriki",1,1,0,0,0,0,0,0,0,0,"S","Sheffield United",0,0,0,0,2020
822,"Patrick Bamford",38,3085,17,18.4018626101315,7,3.78224655240774,107,30,3,0,"F S","Leeds",15,16.8795249462128,23.3949527069926,4.13179554603994,2020
8718,"Stuart Dallas",38,3412,8,4.45707352459431,2,2.08468341827393,48,26,7,0,"D M","Leeds",8,4.45707352459431,18.5343437641859,13.8098022621125,2020
8720,"Jack Harrison",36,2871,8,6.25404270086437,8,7.5230593085289,46,59,2,0,"M S","Leeds",8,6.25404270086437,19.3974896557629,8.03557542338967,2020
2381,"Rodrigo",26,1285,7,5.75564219243824,2,3.20052937045693,46,31,3,0,"F M S","Leeds",7,5.75564219243824,10.8159743919969,4.34865311346948,2020
8026,"Raphinha",30,2369,6,6.21914284303784,9,9.52486058697104,67,65,3,0,"M S","Leeds",6,6.21914284303784,16.7927778363228,6.67969186045229,2020
4381,"Mateusz Klich",35,2404,4,2.99995879037306,5,3.65085046552122,36,44,6,0,"M S","Leeds",2,1.47762112272903,14.6081168539822,10.3864380000159,2020
3428,"Hélder Costa",22,1152,3,2.59815485402942,3,0.628333788365126,16,7,0,0,"M S","Leeds",3,2.59815485402942,4.51601132377982,2.20732627436519,2020
8722,"Ezgjan Alioski",36,2475,2,1.74661103915423,3,3.33275332953781,25,28,7,0,"D M S","Leeds",2,1.74661103915423,13.4783399817534,9.68626588070765,2020
1014,"Tyler Roberts",27,1334,1,1.88548885844648,2,2.52915010601282,26,15,3,0,"F M S","Leeds",1,1.88548885844648,7.46203505247831,3.50389317236841,2020
2163,"Diego Llorente",15,1208,1,0.907168003264815,0,0.46123018860817,8,4,1,0,"D S","Leeds",1,0.907168003264815,3.13322362676263,2.10932196676731,2020
8717,"Pascal Struijk",27,2073,1,2.02867490518838,0,0.108047519344836,13,4,3,0,"D M S","Leeds",1,2.02867490518838,6.5977256577462,6.55025226436555,2020
8719,"Kalvin Phillips",29,2435,1,0.388622756116092,2,3.23305813223124,15,35,10,0,"M S","Leeds",1,0.388622756116092,8.95922751538455,7.55063519440591,2020
8816,"Liam Cooper",25,2189,1,2.09451229311526,0,0,15,0,4,1,"D","Leeds",1,2.09451229311526,7.37991644628346,7.37991644628346,2020
2164,"Pablo Hernández",16,403,0,1.42018960788846,2,0.860272362828255,15,6,1,0,"M S","Leeds",0,1.42018960788846,4.21041383547708,2.02195302722976,2020
2259,"Kiko Casilla",3,270,0,0,0,0,0,0,0,0,"GK","Leeds",0,0,0.269568748772144,0.269568748772144,2020
6273,"Robin Koch",17,1124,0,0.514519795775414,0,0.125808203592896,9,4,1,0,"D M S","Leeds",0,0.514519795775414,4.67758814617991,4.52315669506788,2020
8715,"Illan Meslier",35,3150,0,0,0,0.0421973243355751,0,1,0,0,"GK","Leeds",0,0,5.92929397989064,5.88709666300565,2020
8716,"Luke Ayling",38,3400,0,1.43975044693798,0,2.98885417543352,24,26,7,0,"D M","Leeds",0,1.43975044693798,14.1962615512311,11.8843642459251,2020
8721,"Jamie Shackleton",13,446,0,0,0,0.120877685025334,0,2,0,0,"D M S","Leeds",0,0,2.19370824471116,2.19370824471116,2020
8723,"Ian Poveda-Ocampo",14,322,0,0.660413712263107,0,1.25831203674898,5,5,0,0,"S","Leeds",0,0.660413712263107,2.02285531675443,0.104129591956735,2020
8919,"Leif Davis",2,28,0,0,0,0,0,0,0,0,"S","Leeds",0,0,0.232999011874199,0.232999011874199,2020
9219,"Niall Huggins",1,35,0,0,0,0,0,0,0,0,"S","Leeds",0,0,0.429236173629761,0.429236173629761,2020
9423,"Gaetano Berardi",2,113,0,0.0747606158256531,0,0,1,0,0,0,"D S","Leeds",0,0.0747606158256531,0.23127793520689,0.23127793520689,2020
